Name,MPC,a,e,i,Omega,omega,lambda,beta,Dist,Epoch
15760,15760,4.3932e+01,6.9363e-02,3.8153e-02,6.2729e+00,4.9794e-02,0.526,0.020,41.185,2456571.9
15807,15807,4.3745e+01,6.1148e-02,9.8437e-03,3.0858e+00,5.3193e+00,-2.768,0.004,43.098,2457104.9
15874,15874,8.3429e+01,5.8016e-01,4.1851e-01,3.8008e+00,3.2213e+00,1.181,-0.230,36.692,2457036.8
15883,15883,4.7028e+01,2.1283e-01,3.3426e-01,2.2198e+00,5.2496e+00,2.701,0.165,44.661,2456365.9
16684,16684,4.4075e+01,4.9569e-02,6.5345e-02,4.4756e-01,4.3893e+00,-2.480,-0.015,42.862,2452052.6
19255,19255,4.2779e+01,3.3422e-02,2.5970e-02,1.2633e+00,2.0247e+00,1.526,0.007,42.983,2457422.8
19308,19308,4.3293e+01,1.1905e-01,4.7866e-01,6.1998e+00,4.1969e+00,0.267,0.187,47.171,2457000.8
19521,19521,4.5730e+01,1.0345e-01,2.1007e-01,8.7233e-01,1.0026e+00,1.194,0.070,41.844,2454448.9
20000,20000,4.2948e+01,5.3923e-02,2.9976e-01,1.6982e+00,4.6651e+00,2.053,0.111,43.793,2457422.1
24835,24835,4.1796e+01,1.0452e-01,4.7202e-01,3.6716e-01,1.2432e+00,0.842,0.242,38.276,2457018.9
24978,24978,4.3318e+01,4.8871e-02,4.1766e-02,8.8019e-01,2.2099e+00,-2.156,-0.005,42.177,2452792.7
33001,33001,4.3443e+01,3.8043e-02,2.5412e-02,6.1126e+00,4.6883e+00,2.342,0.015,44.346,2457044.9
45802,45802,4.3430e+01,1.1627e-02,2.0560e-02,3.0255e+00,1.0386e+00,-0.892,0.015,43.294,2452433.0
49673,49673,4.3136e+01,1.0342e-01,3.9319e-01,2.3093e+00,4.7067e+00,-0.491,-0.147,41.061,2456571.7
52747,52747,4.4396e+01,5.9487e-02,9.5295e-03,1.1164e+00,4.3412e+00,-1.985,0.000,43.211,2453152.8
53311,53311,4.4072e+01,6.2066e-02,6.4403e-03,8.9645e-01,4.2198e+00,-2.384,0.001,42.987,2456772.9
55565,55565,4.7195e+01,1.2889e-01,4.2556e-01,5.1920e+00,5.1650e+00,2.571,-0.230,45.713,2457459.2
55636,55636,4.3255e+01,1.2331e-01,4.5124e-01,5.6650e+00,5.9397e+00,0.545,0.417,42.334,2457610.5
55637,55637,4.2674e+01,1.4209e-01,3.3917e-01,3.5714e+00,4.8419e+00,0.693,-0.098,40.876,2457360.8
58534,58534,4.5212e+01,1.2003e-01,5.0580e-02,2.3138e+00,5.8679e+00,3.052,0.035,42.592,2456065.7
59358,59358,4.1443e+01,2.0772e-01,1.7504e-01,2.0959e+00,5.7266e+00,2.642,0.096,36.435,2457127.8
60454,60454,4.4314e+01,8.5423e-02,2.0333e-02,5.5876e+00,5.0908e+00,2.949,-0.010,43.539,2453797.0
66452,66452,4.4949e+01,6.4788e-02,4.6426e-02,2.3456e+00,1.5389e+00,-0.609,-0.009,45.432,2454361.8
69987,69987,4.2502e+01,2.1671e-02,1.8274e-02,2.3795e+00,3.7383e+00,1.241,-0.016,42.351,2457422.8
79360,79360,4.3854e+01,1.0799e-02,3.9183e-02,5.3121e+00,4.0192e+00,2.409,-0.009,43.472,2457423.0
79983,79983,4.6385e+01,1.4247e-01,1.7137e-01,5.8443e+00,3.0888e+00,3.095,-0.067,40.273,2457460.8
80806,80806,4.2159e+01,6.6149e-02,6.5572e-02,7.9646e-01,8.9658e-02,2.459,0.066,42.014,2453441.7
82155,82155,5.7832e+01,2.8899e-01,3.4575e-01,2.2158e+00,5.5159e+00,2.459,0.066,42.014,2453441.7
85627,85627,4.3990e+01,8.7370e-02,2.6442e-02,9.7665e-01,4.3886e+00,-2.116,-0.001,42.286,2453527.7
85633,85633,4.3503e+01,3.1537e-02,2.0769e-02,1.7791e+00,5.7913e+00,-0.843,-0.010,44.225,2453152.8
86047,86047,4.3834e+01,1.7033e-01,4.2291e-01,5.2678e+00,5.3199e+00,-0.883,0.064,39.593,2453233.8
86177,86177,4.5257e+01,2.3702e-01,3.8703e-01,5.7004e+00,8.9026e-01,-0.230,0.150,35.337,2456218.7
88267,88267,4.2972e+01,2.5130e-02,8.6917e-03,1.9732e+00,6.1343e-01,-2.062,0.007,43.015,2453152.7
88268,88268,4.2479e+01,1.6767e-02,3.2934e-02,1.5178e+00,4.0588e+00,-1.887,0.009,42.199,2453153.7
88611,88611,4.4018e+01,2.7773e-02,4.5012e-02,5.3184e+00,4.1591e+00,-0.416,0.024,45.111,2456220.7
90568,90568,4.1949e+01,7.6729e-02,3.8368e-01,4.3739e+00,5.0985e+00,-2.369,-0.176,39.406,2457180.9
91554,91554,1.0171e+02,6.9565e-01,4.4509e-01,5.9629e+00,5.8575e+00,-0.260,0.034,32.613,2455100.8
363330,a3330,4.3802e+01,4.7638e-02,5.3686e-02,2.8937e+00,5.4669e+00,-0.655,0.022,45.718,2456450.9
363401,a3401,4.5576e+01,1.3108e-01,4.0090e-02,8.6650e-01,2.7233e+00,-1.977,-0.012,40.777,2456451.8
364171,a4171,4.4699e+01,8.0408e-02,6.1959e-02,6.3507e-01,3.1745e+00,-2.386,-0.008,41.121,2456451.7
118379,B8379,4.5298e+01,2.3404e-01,2.6782e-01,9.9526e-01,1.6635e+00,-2.291,0.043,40.446,2453474.9
118702,B8702,9.8335e+01,6.0136e-01,4.0766e-01,5.7090e+00,6.0863e+00,-0.282,0.131,41.280,2453643.8
120178,C0178,4.3176e+01,1.0524e-01,4.7401e-01,3.1940e+00,1.2024e+00,-0.653,0.326,41.067,2453617.3
120347,C0347,4.2027e+01,1.0671e-01,4.1767e-01,4.8886e+00,5.4056e+00,0.008,0.418,44.648,2457612.6
123509,C3509,4.4375e+01,4.4442e-02,3.4366e-02,3.2404e+00,5.0927e+00,1.228,-0.032,42.972,2453734.8
385191,c5191,4.1314e+01,2.5524e-02,2.2223e-01,2.8580e+00,3.1927e-01,0.068,-0.080,42.367,2456571.8
385194,c5194,4.3394e+01,5.0129e-02,1.3788e-02,5.8783e+00,2.0513e+00,-0.690,-0.004,44.811,2456571.7
385199,c5199,4.5345e+01,4.6193e-02,3.7560e-02,2.2845e+00,3.7412e+00,-0.461,-0.015,43.283,2456572.7
385201,c5201,6.2659e+01,2.4596e-01,2.1691e-01,2.4546e+00,3.5674e+00,0.432,-0.199,45.562,2456571.9
385266,c5266,4.2620e+01,9.6267e-02,3.1416e-02,5.0905e+00,3.2062e-02,-0.310,0.025,39.739,2456572.7
385362,c5362,4.6247e+01,1.4415e-01,6.4612e-02,5.7382e+00,2.3427e+00,-0.404,0.010,49.415,2456572.7
385363,c5363,4.4861e+01,7.2286e-02,6.8626e-02,5.9309e+00,3.5469e+00,-0.367,0.000,47.798,2456572.7
385437,c5437,4.4143e+01,7.8867e-02,1.9234e-02,2.0330e+00,1.5107e+00,-2.348,0.018,40.903,2456452.7
385447,c5447,4.3827e+01,2.8743e-02,7.7842e-02,1.9923e+00,3.5342e+00,-0.543,-0.046,42.598,2456571.7
385528,c5528,5.6241e+01,3.3874e-01,1.2076e-01,4.9781e+00,2.2717e-01,-0.929,0.048,37.336,2456572.6
126719,C6719,4.7014e+01,1.9164e-01,1.4591e-02,4.3362e+00,5.3658e+00,3.011,-0.014,38.554,2453766.0
386723,c6723,4.4337e+01,1.4344e-01,5.0773e-01,2.4708e+00,1.7464e+00,1.021,-0.505,50.685,2456330.6
134210,D4210,6.1967e+01,3.9265e-01,1.1313e-01,5.5211e+00,3.6099e-01,-0.454,0.036,37.640,2453727.8
134860,D4860,4.2830e+01,2.1021e-02,1.9443e-02,1.6888e+00,2.5967e+00,-0.544,-0.015,42.698,2453944.9
136199,D6199,6.7754e+01,4.3737e-01,7.6774e-01,6.2795e-01,2.6535e+00,0.407,-0.218,96.255,2457617.7
136472,D6472,4.5494e+01,1.6045e-01,5.0618e-01,1.3865e+00,5.1671e+00,-3.119,0.488,52.453,2457618.4
137294,D7294,4.4969e+01,1.0650e-01,2.3579e-02,2.6054e+00,1.9864e+00,-0.412,-0.003,43.217,2454028.6
138537,D8537,4.6524e+01,1.3952e-01,8.5277e-02,7.6376e-02,6.2664e+00,-0.373,-0.037,40.473,2454003.8
138628,D8628,4.4708e+01,2.6634e-01,2.7416e-01,6.2066e+00,5.4761e+00,0.101,0.051,36.241,2454003.9
143991,E3991,4.4602e+01,1.3702e-01,3.3847e-01,1.1678e+00,1.1348e+00,1.250,0.028,40.984,2454063.0
145451,E5451,9.0849e+01,6.1372e-01,5.0185e-01,1.4773e+00,5.5356e+00,0.894,-0.304,35.145,2454041.9
145452,E5452,4.1510e+01,2.2462e-02,3.3631e-01,3.2637e+00,3.0099e+00,-0.583,0.218,40.723,2454041.6
145453,E5453,4.3224e+01,1.3880e-01,4.9752e-01,1.4983e+00,4.8749e+00,0.887,-0.312,38.418,2454041.9
145474,E5474,9.2200e+01,6.4129e-01,2.8405e-01,2.9732e+00,4.8355e+00,0.418,-0.165,41.752,2454037.8
145480,E5480,7.5705e+01,3.9024e-01,4.6211e-01,3.1495e+00,3.0027e+00,-0.359,0.170,46.563,2454040.7
148112,E8112,4.3916e+01,3.7134e-02,1.3841e-02,3.3514e+00,1.5266e+00,-0.066,0.004,43.453,2452112.0
148780,E8780,4.4246e+01,3.5909e-01,9.0391e-02,2.5779e-02,2.6341e+00,1.082,0.079,45.473,2454741.8
408832,e8832,4.4082e+01,3.9985e-02,3.7542e-02,2.8400e+00,5.1581e+00,-0.305,0.000,44.792,2456901.9
150642,F0642,4.5193e+01,1.1905e-01,1.7832e-01,2.3776e+00,8.2229e-01,2.468,0.018,40.907,2454154.8
415720,f5720,4.3047e+01,6.9924e-02,1.3504e-01,2.4946e-01,5.7573e+00,0.596,0.046,40.981,2456571.9
416400,f6400,4.4217e+01,1.3253e-01,4.7859e-01,3.5715e+00,4.3027e+00,1.008,-0.288,38.941,2457014.8
160091,G0091,4.5089e+01,1.0942e-01,3.4592e-02,5.6315e+00,5.4628e+00,-0.243,0.013,42.890,2454293.9
160256,G0256,4.2957e+01,6.1910e-02,8.5643e-02,1.8074e+00,6.7043e-01,-0.114,-0.081,45.206,2454293.9
420356,g0356,4.2705e+01,7.8070e-03,1.9076e-02,5.4844e+00,2.5684e-01,2.332,0.000,43.026,2457417.9
427614,g7614,4.0101e+01,5.4031e-02,4.1736e-01,1.7427e+00,1.1666e+00,0.834,-0.346,41.156,2456952.9
434194,h4194,4.2566e+01,4.8046e-02,3.9654e-02,1.4720e+00,2.0148e+00,-3.072,0.040,40.585,2457136.9
434390,h4390,5.5209e+01,3.1870e-01,8.9675e-02,2.1432e+00,2.6705e-01,2.690,0.049,38.029,2457127.8
174567,H4567,4.5746e+01,1.4260e-01,3.7544e-01,3.2131e+00,3.1976e+00,-1.804,0.366,46.938,2457607.6
437360,h7360,1.1120e+02,6.7200e-01,5.4353e-01,3.1603e+00,4.0506e+00,0.555,-0.315,37.034,2457019.6
437871,h7871,4.2505e+01,7.2447e-02,3.7933e-01,3.5484e+00,2.0134e-01,-2.510,0.096,39.429,2456807.9
439858,h9858,4.2648e+01,4.1184e-02,5.5624e-02,2.3224e+00,3.2629e+00,-0.370,-0.023,40.965,2457170.9
181708,I1708,4.3721e+01,4.8059e-02,1.3526e-01,3.2796e+00,7.5531e-01,-2.646,0.046,41.779,2454530.9
181855,I1855,4.5980e+01,1.8245e-01,5.0059e-01,7.2602e-01,7.2312e-01,0.978,0.147,38.077,2454530.6
181874,I1874,5.2711e+01,2.5705e-01,3.0023e-01,3.4630e+00,5.6575e+00,-2.474,0.100,42.954,2454531.0
181902,I1902,1.2241e+02,6.9288e-01,4.5255e-01,3.6705e+00,2.4112e+00,0.450,0.046,40.779,2454360.9
182223,I2223,5.8489e+01,3.8460e-01,3.4701e-01,3.9728e+00,2.5468e+00,1.140,-0.117,40.693,2454530.6
182926,I2926,4.5755e+01,1.4640e-01,3.8310e-02,9.6733e-01,3.3244e+00,2.962,0.036,43.275,2454530.9
182934,I2934,4.4232e+01,1.0877e-01,2.0263e-01,4.2732e+00,4.4323e+00,-2.336,-0.070,43.365,2454529.9
183595,I3595,4.4558e+01,1.0465e-01,2.8990e-02,4.8315e+00,4.1021e+00,1.268,0.012,43.325,2454360.9
443843,i3843,4.6447e+01,1.1809e-01,1.8563e-01,3.5914e+00,5.8381e+00,-2.493,0.040,41.890,2456805.9
183963,I3963,4.4356e+01,1.0208e-01,4.2673e-02,1.8005e+00,2.2955e+00,3.020,0.041,41.879,2454529.9
444018,i4018,4.4154e+01,4.4245e-02,4.9253e-02,1.1451e+00,2.1208e+00,-2.516,0.024,42.433,2456805.9
444025,i4025,4.3963e+01,4.6412e-02,5.7875e-02,7.9055e-01,4.9322e+00,-2.498,0.007,44.567,2456856.8
444030,i4030,4.3431e+01,1.5033e-01,5.4505e-01,4.2066e+00,6.6199e-01,-0.533,0.558,38.806,2457282.1
184314,I4314,4.5146e+01,1.3982e-01,1.0067e-01,7.2431e-03,4.7044e+00,-2.743,-0.038,42.046,2454531.0
451657,j1657,7.6563e+01,5.1066e-01,4.1336e-01,3.0948e+00,5.1253e+00,0.682,-0.287,48.136,2457304.7
455171,j5171,4.5986e+01,1.2009e-01,3.6442e-02,1.9862e+00,2.3141e+00,-0.405,-0.024,45.240,2457170.8
455206,j5206,4.6666e+01,1.2420e-01,4.9114e-02,2.7035e+00,5.9096e+00,-2.765,0.037,43.985,2457164.8
455209,j5209,4.5103e+01,8.7030e-02,2.9810e-02,3.2205e+00,6.0175e+00,-2.172,0.024,43.279,2457185.8
1994ES2,J94E02S,4.5812e+01,1.1503e-01,1.8588e-02,2.7012e+00,1.7492e+00,-3.068,0.009,43.617,2457072.0
1994EV3,J94E03V,4.2889e+01,4.2356e-02,2.8938e-02,3.4058e-01,2.2742e-01,-2.381,-0.012,44.672,2457136.9
1995DB2,J95D02B,4.6472e+01,1.3540e-01,7.1628e-02,2.2450e+00,1.5917e-02,2.760,0.037,40.795,2457104.8
1995DC2,J95D02C,4.4094e+01,6.1977e-02,4.0893e-02,2.6908e+00,2.1030e+00,3.095,0.016,44.302,2457071.9
1995WY2,J95W02Y,4.6450e+01,1.2732e-01,2.8728e-02,1.3743e+00,1.9141e+00,1.730,0.011,45.527,2457071.7
1996KV1,J96K01V,4.5198e+01,1.1130e-01,1.4109e-01,1.6164e+00,3.3992e+00,-1.762,0.033,40.647,2451720.5
1996RQ20,J96R20Q,4.3856e+01,1.0045e-01,5.5275e-01,2.0155e-01,6.2634e+00,0.595,0.233,39.834,2456573.0
1996TK66,J96T66K,4.2641e+01,1.3257e-02,5.7840e-02,7.7854e-01,3.6248e+00,0.448,-0.018,43.031,2456621.8
1996TS66,J96T66S,4.3888e+01,1.2677e-01,1.2821e-01,4.9899e+00,2.4513e+00,1.111,0.085,38.326,2457046.9
1997CT29,J97C29T,4.3730e+01,3.0567e-02,1.7715e-02,1.3030e+00,3.6636e+00,2.657,0.018,44.599,2456365.9
1997CV29,J97C29V,4.2183e+01,4.6314e-02,1.4010e-01,2.1158e+00,5.6898e-01,2.790,0.091,40.241,2456365.9
1997QH4,J97Q04H,4.2696e+01,8.3115e-02,2.3014e-01,6.2086e+00,1.2791e+00,0.338,0.094,40.229,2456928.0
1997RY6,J97R06Y,4.0671e+01,6.4803e-02,2.1900e-01,5.5652e+00,5.0582e+00,-0.049,0.142,41.421,2450750.6
1997RX9,J97R09X,4.1573e+01,5.4585e-02,5.2349e-01,2.8606e+00,1.2483e+00,-0.211,-0.033,42.324,2451764.9
1998FS144,J98FE4S,4.1766e+01,2.1502e-02,1.7219e-01,3.9949e+00,3.5364e+00,-3.009,-0.118,42.134,2456363.9
1998HL151,J98HF1L,4.0749e+01,8.9803e-02,4.8881e-01,2.8519e-01,2.2955e+00,-2.791,-0.044,38.385,2452049.9
1998HN151,J98HF1N,3.7961e+01,5.2490e-02,4.3588e-01,6.5115e-01,5.3440e+00,-2.701,0.104,39.444,2457105.0
1998HO151,J98HF1O,4.1376e+01,9.2607e-02,2.9199e-01,2.1545e+00,3.9459e+00,-2.735,0.293,44.449,2457098.0
1998KY61,J98K61Y,4.4329e+01,4.6580e-02,3.5849e-02,2.1453e+00,6.2412e+00,-0.637,-0.012,46.237,2457121.9
1998KS65,J98K65S,4.3761e+01,3.3879e-02,2.0647e-02,1.7915e+00,3.4337e+00,-0.899,-0.009,42.291,2452051.1
1998WG24,J98W24G,4.5573e+01,1.2686e-01,3.8851e-02,1.5418e+00,6.1600e-01,1.722,0.006,40.254,2456603.0
1998WV24,J98W24V,3.8963e+01,3.8426e-02,2.6494e-02,3.2064e+00,2.7609e+00,1.020,-0.022,38.581,2454822.9
1998WY24,J98W24Y,4.3190e+01,3.9892e-02,3.3353e-02,1.7911e+00,2.4449e-01,1.629,-0.005,41.597,2455919.9
1998WW31,J98W31W,4.4651e+01,8.6500e-02,1.1867e-01,4.1381e+00,9.0319e-01,1.162,-0.021,47.379,2455919.8
1998WY31,J98W31Y,4.5196e+01,1.1790e-01,3.4505e-02,1.1110e+00,1.8788e+00,1.608,0.017,43.509,2457071.7
1998XY95,J98X95Y,6.4193e+01,4.1927e-01,1.1633e-01,8.2655e-01,1.5635e+00,1.851,0.102,38.746,2457460.7
1999CY118,J99CB8Y,9.0124e+01,6.1594e-01,4.4653e-01,2.8472e+00,2.6220e-01,-2.808,0.276,35.700,2457461.0
1999CZ118,J99CB8Z,1.1705e+02,6.7965e-01,4.8449e-01,6.0246e+00,4.1294e+00,-2.978,-0.214,39.661,2457460.8
1999CB119,J99CB9B,4.6908e+01,1.2879e-01,1.5265e-01,2.9341e+00,6.1132e+00,-2.937,0.059,41.606,2457423.0
1999CC119,J99CB9C,4.4767e+01,7.4436e-02,7.9238e-03,3.3240e+00,1.1451e+00,-3.053,-0.001,43.481,2456363.9
1999CF119,J99CB9F,8.8795e+01,5.6406e-01,3.4407e-01,5.2962e+00,3.4898e+00,2.188,-0.013,39.394,2451935.9
1999CH119,J99CB9H,4.3300e+01,8.3242e-02,3.4830e-01,2.1355e+00,2.9956e+00,2.395,0.099,46.512,2456363.8
1999CJ119,J99CB9J,4.5328e+01,6.6473e-02,5.5955e-02,5.4691e+00,3.2656e+00,2.518,-0.011,42.323,2456365.8
1999CL119,J99CB9L,4.6873e+01,6.7870e-03,4.0654e-01,2.1845e+00,1.1746e+00,2.436,0.104,46.678,2455570.0
1999CM119,J99CB9M,4.3974e+01,9.5547e-02,4.8032e-02,2.0686e+00,5.2352e+00,2.403,0.015,42.719,2453678.0
1999CN119,J99CB9N,4.3734e+01,4.0521e-02,1.7453e-02,6.0585e+00,4.6451e+00,2.555,0.006,44.165,2456364.6
1999CW131,J99CD1W,4.3649e+01,9.9023e-02,1.3828e-01,3.0478e+00,1.6942e+00,3.054,0.002,43.686,2451642.0
1999CQ133,J99CD3Q,4.1298e+01,9.5882e-02,2.3173e-01,2.1519e+00,2.3947e+00,2.407,0.064,43.071,2456365.8
1999CM153,J99CF3M,4.5688e+01,1.3933e-01,3.4557e-03,1.6037e+00,4.4907e-02,2.957,0.003,43.271,2457104.8
1999CP153,J99CF3P,4.4179e+01,7.5212e-02,5.2831e-02,2.1435e+00,3.2060e+00,2.220,0.005,47.500,2451641.9
1999CS153,J99CF3S,4.3835e+01,3.5762e-02,1.7191e-02,5.9914e+00,1.3592e+00,2.186,0.010,43.133,2451641.8
1999CU153,J99CF3U,4.4180e+01,6.5080e-02,4.7089e-02,2.4308e+00,5.1626e+00,2.586,0.008,43.202,2456365.9
1999CG154,J99CF4G,4.3047e+01,9.2428e-02,1.3561e-02,1.7563e+00,2.9903e+00,2.353,0.008,45.742,2453439.7
1999CH154,J99CF4H,4.3014e+01,1.1836e-02,1.4626e-02,2.8776e+00,4.2183e+00,2.635,-0.003,43.140,2457097.7
1999CK158,J99CF8K,4.0815e+01,7.2504e-02,2.9824e-01,2.2293e+00,5.4698e+00,2.571,0.108,39.513,2456364.6
1999DA0,J99D00A,4.3273e+01,7.1480e-02,4.8712e-02,9.4263e-01,4.4174e+00,2.740,0.048,45.865,2457136.8
1999DH8,J99D08H,4.4109e+01,7.3985e-02,7.9029e-02,1.8345e+00,1.7723e+00,2.480,0.049,42.495,2451964.7
1999GS46,J99G46S,4.4554e+01,8.4231e-02,9.0425e-02,4.2497e-01,1.6794e+00,-2.557,-0.016,44.476,2453882.7
1999HS11,J99H11S,4.4110e+01,1.9375e-02,4.5379e-02,1.8441e+00,2.9278e+00,-2.382,0.041,43.553,2456772.9
1999HV11,J99H11V,4.2931e+01,2.6181e-02,5.5100e-02,2.8083e+00,4.8293e+00,-2.410,0.049,43.837,2456426.9
1999HH12,J99H12H,4.3553e+01,2.0129e-02,2.2707e-02,4.4640e+00,1.3669e+00,-2.361,-0.012,43.822,2457164.8
1999HJ12,J99H12J,4.3062e+01,4.8812e-02,7.9290e-02,2.1384e+00,3.8791e+00,-2.093,0.072,43.528,2457127.9
1999JD132,J99JD2D,4.3304e+01,6.5538e-02,1.8300e-01,5.4006e-01,1.7945e+00,-2.419,-0.034,43.005,2453852.7
1999OZ3,J99O03Z,4.3968e+01,8.0224e-02,4.4576e-02,2.4046e+00,4.8458e+00,-0.389,-0.014,43.029,2457170.8
1999OA4,J99O04A,4.4338e+01,6.5785e-02,5.4559e-02,2.3904e+00,9.9351e-01,-0.704,-0.003,45.932,2452520.8
1999OD4,J99O04D,4.1416e+01,9.4279e-02,2.5131e-01,5.2622e+00,2.5702e+00,-0.707,0.085,43.554,2456572.7
1999OG4,J99O04G,4.6994e+01,1.3349e-01,2.4801e-02,1.9429e+00,1.7838e+00,-0.761,-0.011,47.544,2452118.1
1999OH4,J99O04H,4.0462e+01,4.0028e-02,4.9192e-01,2.1674e+00,2.7567e+00,-0.950,-0.019,38.975,2452146.8
1999OJ4,J99O04J,3.8031e+01,2.5135e-02,6.9813e-02,2.2253e+00,5.0979e+00,-0.561,-0.026,38.017,2454740.7
1999OK4,J99O04K,4.3245e+01,1.5821e-01,5.2337e-01,2.1359e+00,1.1473e+00,-0.917,-0.047,45.736,2452830.0
1999RV214,J99RL4V,4.7383e+01,3.3992e-02,1.9373e-02,2.5257e+00,9.7829e-01,-0.343,-0.005,47.101,2457170.9
1999RW214,J99RL4W,4.2911e+01,3.2782e-02,2.3771e-02,6.0388e-03,4.7049e+00,0.327,0.008,43.336,2456602.8
1999RX214,J99RL4X,4.6111e+01,1.7212e-01,8.4107e-02,6.6096e-02,4.6389e+00,0.372,0.026,47.777,2456571.9
1999RY214,J99RL4Y,4.5133e+01,1.7854e-01,2.3894e-01,5.7130e+00,1.2325e+00,0.412,0.196,37.271,2454293.9
1999RC215,J99RL5C,4.4062e+01,5.7823e-02,2.4539e-02,3.2994e+00,4.4750e+00,0.435,-0.007,42.684,2456602.8
1999RG215,J99RL5G,4.6433e+01,7.0954e-02,4.2411e-03,5.1048e+00,1.9775e+00,-0.259,0.003,44.676,2453591.6
1999RR215,J99RL5R,4.4097e+01,1.0114e-01,2.0630e-02,3.2447e+00,2.5758e+00,0.213,-0.003,40.512,2451906.8
1999RV215,J99RL5V,4.4611e+01,1.8275e-01,3.8392e-01,6.1407e+00,4.5660e-01,0.729,0.306,37.017,2456952.9
1999RX215,J99RL5X,4.6931e+01,1.4146e-01,1.5568e-02,1.7325e+00,3.2506e+00,-0.299,-0.014,42.808,2456952.8
1999XY143,J99XE3Y,4.2997e+01,8.1192e-02,1.2507e-01,4.4582e+00,1.3923e+00,1.701,-0.046,44.601,2457335.0
2000CL104,K00CA4L,4.4407e+01,7.6624e-02,2.1712e-02,2.4590e+00,5.3781e+00,2.989,0.011,43.696,2457460.8
2000CP104,K00CA4P,4.4251e+01,1.0010e-01,1.6554e-01,2.2796e+00,2.5907e+00,2.848,0.092,45.763,2456364.7
2000CE105,K00CA5E,4.3857e+01,5.6197e-02,9.5819e-03,1.3399e+00,4.7665e-01,2.183,0.007,41.554,2456364.6
2000CF105,K00CA5F,4.3842e+01,3.6212e-02,9.2153e-03,9.9252e-01,9.7587e-01,2.400,0.009,42.398,2456363.8
2000CG105,K00CA5G,4.6329e+01,4.2575e-02,4.8857e-01,5.4815e+00,1.4613e+00,2.552,-0.119,46.948,2456363.8
2000CJ105,K00CA5J,4.4160e+01,1.0735e-01,2.0235e-01,2.6913e+00,3.9732e+00,2.955,0.053,47.986,2454147.0
2000CL105,K00CA5L,4.3013e+01,4.6835e-02,7.2885e-02,1.9838e+00,3.4887e+00,2.603,0.044,44.938,2456365.9
2000CO105,K00CA5O,4.7046e+01,1.4726e-01,3.3634e-01,5.3627e+00,9.6976e-01,2.295,-0.031,50.806,2456364.7
2000CN114,K00CB4N,4.3912e+01,4.2388e-02,2.7088e-02,1.4396e+00,5.5304e+00,2.677,0.026,44.617,2456364.7
2000CQ114,K00CB4Q,4.6081e+01,1.1325e-01,4.6967e-02,6.7015e-01,5.5414e-01,3.016,0.034,46.665,2457104.8
2000FC8,K00F08C,4.3948e+01,6.4003e-02,1.2479e-02,5.8062e+00,5.0580e-01,-2.766,-0.010,46.566,2457136.9
2000FF8,K00F08F,4.5104e+01,9.7765e-02,7.7842e-02,3.1126e+00,1.9518e+00,-2.791,0.030,44.619,2456426.8
2000FG8,K00F08G,4.3914e+01,6.8563e-02,1.9862e-02,2.7867e+00,2.1621e+00,-2.705,0.014,43.146,2457105.0
2000FH8,K00F08H,4.3497e+01,3.3052e-02,3.6216e-02,1.5404e-01,3.8366e-01,-2.729,-0.010,44.923,2457136.9
2000FS53,K00F53S,4.3052e+01,3.5531e-02,3.6477e-02,4.5436e-01,2.2617e+00,-2.323,-0.013,42.507,2457136.9
2000FT53,K00F53T,4.5125e+01,1.5425e-01,2.0926e-01,6.1643e-01,4.2707e+00,-2.170,-0.076,39.634,2457166.7
2000GV146,K00GE6V,4.4043e+01,6.8378e-02,6.4141e-02,1.7436e+00,1.1106e+00,-2.365,0.053,42.461,2457185.8
2000GX146,K00GE6X,4.4094e+01,1.3699e-02,1.1886e-02,6.0214e+00,5.5946e-01,-2.657,-0.008,44.688,2457104.9
2000GY146,K00GE6Y,4.3964e+01,2.1079e-02,4.7141e-02,2.3551e-01,1.6045e-01,-2.656,-0.011,44.888,2457104.9
2000JF81,K00J81F,4.6127e+01,1.0161e-01,3.0404e-02,3.1387e+00,2.2441e+00,-2.090,0.027,43.974,2456807.9
2000KK4,K00K04K,4.1259e+01,8.3451e-02,3.3383e-01,2.5486e+00,5.2925e+00,-1.921,0.332,44.446,2454232.9
2000KL4,K00K04L,3.8593e+01,6.1944e-02,3.7186e-01,2.5826e+00,4.0047e+00,-1.842,0.367,39.853,2454590.9
2000OB51,K00O51B,3.7834e+01,3.5206e-02,7.7807e-02,2.2140e+00,3.6002e+00,-0.661,-0.021,36.524,2453236.9
2000OH67,K00O67H,4.4165e+01,1.8983e-02,9.8245e-02,1.3586e+00,3.4719e+00,-0.663,-0.091,43.570,2452877.6
2000ON67,K00O67N,4.2985e+01,2.9981e-02,5.4751e-02,1.0115e+00,1.9231e+00,-0.234,-0.053,44.273,2455120.7
2000OU69,K00O69U,4.3168e+01,4.8398e-02,7.7144e-02,1.3484e+00,4.0323e+00,-0.729,-0.067,41.100,2456452.9
2000PU29,K00P29U,4.2442e+01,1.8271e-02,1.2357e-02,3.9660e+00,2.0678e+00,-0.959,0.012,41.845,2452133.9
2000PW29,K00P29W,4.4179e+01,5.9761e-02,3.0700e-02,2.5828e+00,1.5154e+00,-0.944,0.011,43.229,2452172.7
2000PX29,K00P29X,4.2580e+01,5.8732e-02,1.1179e-01,2.3621e+00,4.7196e+00,-0.870,0.011,42.704,2452828.0
2000PY29,K00P29Y,4.4239e+01,5.7031e-02,1.4329e-02,7.8651e-01,2.0914e+00,-0.502,-0.014,46.692,2456211.7
2000PA30,K00P30A,4.7032e+01,1.3690e-01,7.3129e-03,5.6691e+00,5.0801e+00,-0.441,0.001,44.975,2456903.8
2000PC30,K00P30C,4.3063e+01,3.0083e-02,2.1852e-02,1.2533e+00,2.2305e+00,-0.638,-0.021,43.754,2453591.6
2000PD30,K00P30D,4.6522e+01,2.2927e-02,8.0233e-02,5.7703e+00,5.3580e+00,-0.479,0.004,45.902,2456926.8
2000PF30,K00P30F,7.6352e+01,5.0542e-01,1.1025e-01,5.1260e+00,5.8851e+00,-0.945,0.024,40.335,2452117.0
2000PG30,K00P30G,4.5135e+01,1.0538e-01,8.0844e-02,2.2721e+00,5.1797e+00,-0.920,0.005,47.168,2452433.1
2000PH30,K00P30H,7.6760e+01,5.0071e-01,1.4060e-01,2.2205e+00,4.2160e+00,-0.824,-0.016,44.700,2454359.7
2000PM30,K00P30M,4.4006e+01,5.7829e-02,3.9828e-02,2.2651e+00,1.1133e+00,-0.689,-0.007,45.409,2452462.0
2000PN30,K00P30N,4.4832e+01,1.0448e-01,2.6424e-02,2.7760e-01,4.7973e+00,-0.462,-0.018,41.227,2456211.7
2000QC226,K00QM6C,4.4106e+01,5.2380e-02,4.6443e-02,1.7406e+00,3.6031e+00,-0.152,-0.045,42.418,2455455.9
2000QE226,K00QM6E,4.4002e+01,8.1985e-02,2.0822e-02,2.0684e+00,6.1943e+00,-0.180,-0.016,45.787,2455455.9
2000SY370,K00Sb0Y,4.3694e+01,4.5776e-02,3.1905e-02,4.7167e+00,4.9513e+00,-0.941,0.019,44.377,2452496.7
2000ST331,K00SX1T,4.2173e+01,1.1023e-01,5.9114e-02,1.7917e+00,5.7100e+00,1.048,-0.041,37.581,2452228.8
2000WV12,K00W12V,4.3476e+01,4.0629e-02,3.8921e-02,2.0233e+00,2.4959e+00,1.027,-0.033,45.124,2452590.9
2000WT169,K00WG9T,4.4882e+01,1.1246e-02,3.0421e-02,1.9291e+00,3.9684e+00,1.361,-0.017,44.963,2454802.0
2000WL183,K00WI3L,4.3537e+01,6.7128e-02,7.5014e-02,1.6349e+00,3.4814e+00,1.228,-0.030,45.600,2454090.8
2000WM183,K00WI3M,4.4924e+01,1.1458e-01,1.2991e-01,1.4178e+00,2.6047e+00,1.356,-0.006,49.312,2457422.7
2000WN183,K00WI3N,4.4727e+01,1.1420e-01,7.0476e-02,1.6880e+00,1.1530e+00,1.258,-0.031,44.296,2454029.0
2000WO183,K00WI3O,4.3794e+01,6.0262e-02,4.2621e-02,2.1025e+00,4.6614e+00,1.471,-0.026,42.198,2456953.0
2000YV1,K00Y01V,4.3856e+01,3.4153e-02,1.3875e-02,3.3145e+00,3.6469e-01,1.251,-0.012,44.981,2456953.0
2000YX1,K00Y01X,4.5591e+01,7.3236e-02,7.9308e-02,1.1365e+00,5.7993e+00,1.016,-0.010,42.435,2452586.0
2000YZ1,K00Y01Z,4.3707e+01,3.8627e-02,9.6517e-02,1.6717e+00,5.9044e+00,0.999,-0.062,42.090,2452223.1
2000YA2,K00Y02A,4.4082e+01,6.0526e-02,3.2568e-02,2.5668e+00,2.9306e+00,1.221,-0.032,45.047,2456603.0
2000YB2,K00Y02B,3.8742e+01,3.0154e-02,6.6724e-02,2.3661e+00,3.5616e+00,1.336,-0.057,38.876,2457071.7
2000YF2,K00Y02F,4.5570e+01,7.4963e-02,3.5029e-02,1.4188e+00,1.6844e+00,1.271,-0.004,46.145,2457422.8
2001DB106,K01DA6B,4.3125e+01,3.6856e-02,6.6200e-02,2.2703e+00,4.1838e+00,3.063,0.049,44.666,2457127.9
2001DC106,K01DA6C,4.2194e+01,6.1187e-02,3.3406e-02,2.1181e+00,6.0370e+00,3.112,0.029,41.234,2456751.9
2001DD106,K01DA6D,4.4010e+01,9.4093e-02,3.1835e-02,2.1565e+00,2.6965e-02,-3.128,0.027,41.423,2457104.8
2001ES24,K01E24S,4.4303e+01,5.8216e-02,7.0476e-02,1.9485e+00,4.5616e+00,3.052,0.064,46.742,2457104.8
2001FK185,K01FI5K,4.3239e+01,3.9517e-02,2.0438e-02,9.9063e-01,2.9975e+00,-2.449,0.006,41.555,2457049.1
2001FL185,K01FI5L,4.4101e+01,7.4685e-02,6.2134e-02,1.3188e+00,1.1947e+00,3.134,0.062,41.343,2457104.8
2001FT185,K01FI5T,4.7217e+01,1.0973e-01,3.4055e-01,2.9342e-01,2.4839e+00,-2.462,-0.129,44.226,2457460.9
2001FK193,K01FJ3K,4.3965e+01,5.8744e-02,6.1313e-02,1.5683e+00,9.6183e-01,-2.368,0.044,43.358,2457166.5
2001FM194,K01FJ4M,5.4044e+01,3.6527e-01,5.0070e-01,3.1727e+00,7.7278e-01,-2.674,0.227,34.711,2457105.0
2001HZ58,K01H58Z,4.2717e+01,3.7643e-02,5.1260e-02,1.5465e+00,3.3928e-01,-2.201,0.030,43.622,2457166.7
2001HA59,K01H59A,4.3687e+01,4.8497e-02,1.7680e-02,2.6062e+00,5.1989e+00,-2.394,0.017,45.147,2453856.9
2001KF76,K01K76F,4.4395e+01,2.1329e-02,5.6025e-02,8.8876e-01,5.0125e+00,-1.992,-0.014,44.421,2452760.1
2001KH76,K01K76H,4.6117e+01,1.2057e-01,5.6706e-02,4.5665e+00,1.2136e+00,-1.892,-0.011,44.537,2452761.1
2001KW76,K01K76W,4.6013e+01,2.1617e-01,1.8256e-01,1.0791e+00,4.2193e+00,-1.944,-0.020,39.071,2454591.9
2001KA77,K01K77A,4.7415e+01,9.2745e-02,2.0801e-01,4.1740e+00,2.1717e+00,-1.887,0.049,48.613,2453550.8
2001KE77,K01K77E,4.5441e+01,1.8452e-01,3.6624e-01,4.1938e+00,5.6845e+00,-1.737,0.129,39.682,2454590.9
2001KG77,K01K77G,6.1671e+01,4.4946e-01,2.7014e-01,4.3718e+00,2.7103e-01,-1.981,-0.023,34.625,2452761.1
2001KO77,K01K77O,4.3898e+01,1.4585e-01,3.6174e-01,4.2864e+00,2.8445e-01,-1.723,0.104,37.496,2457185.8
2001OK108,K01OA8K,4.2923e+01,3.4895e-02,3.4872e-02,2.0033e+00,2.2290e+00,-0.703,-0.015,42.569,2456572.7
2001OQ108,K01OA8Q,4.5519e+01,3.3898e-01,4.0579e-02,2.2950e+00,6.2218e+00,-2.480,0.041,45.777,2452761.0
2001OZ108,K01OA8Z,4.3299e+01,5.4447e-02,3.6704e-02,2.2743e+00,1.1535e+00,-0.916,0.002,43.993,2452434.0
2001OG109,K01OA9G,4.3491e+01,1.3426e-02,9.5470e-03,5.8062e+00,2.3440e-01,-0.650,-0.002,42.951,2456903.7
2001OM109,K01OA9M,6.8187e+01,4.9069e-01,6.1959e-02,5.3554e+00,5.0910e+00,-0.818,0.006,45.600,2452828.0
2001PK47,K01P47K,3.9756e+01,6.5150e-02,1.5238e-01,4.3286e+00,2.9621e+00,0.288,0.121,37.729,2454772.8
2001QO297,K01QT7O,4.2918e+01,3.6737e-02,1.9844e-02,2.5018e+00,5.5293e+00,-0.070,-0.011,43.225,2454769.7
2001QP297,K01QT7P,4.5227e+01,1.2051e-01,2.4976e-02,1.9513e+00,2.8677e+00,0.118,-0.025,44.646,2456571.8
2001QQ297,K01QT7Q,4.4358e+01,8.2190e-02,7.7039e-02,1.4073e+00,3.6836e+00,0.139,-0.075,43.218,2456570.9
2001QR297,K01QT7R,4.4399e+01,2.5838e-02,8.9780e-02,2.5838e+00,3.8929e+00,-0.445,-0.011,43.462,2455456.7
2001QX297,K01QT7X,4.4150e+01,2.7318e-02,1.5900e-02,4.8792e+00,1.9247e+00,-0.466,0.013,43.451,2454003.8
2001QZ297,K01QT7Z,4.4279e+01,6.4143e-02,3.2376e-02,2.7948e-01,4.5195e+00,-0.725,-0.028,42.130,2454679.9
2001QA298,K01QT8A,4.6170e+01,1.8747e-01,4.1273e-01,2.0438e+00,3.9683e+00,-0.624,-0.202,37.814,2455421.8
2001QC298,K01QT8C,4.6266e+01,1.2339e-01,5.3353e-01,5.8424e+00,6.0231e-02,-0.164,0.171,40.724,2456220.7
2001QD298,K01QT8D,4.2634e+01,5.6830e-02,8.7703e-02,1.2336e+00,3.4477e+00,-0.441,-0.089,41.568,2456182.0
2001QQ322,K01QW2Q,4.4000e+01,5.1721e-02,6.9080e-02,1.3349e+00,6.1150e+00,-0.025,-0.068,43.020,2456618.6
2001QS322,K01QW2S,4.4016e+01,3.8644e-02,4.3110e-03,6.0812e+00,6.2638e+00,0.110,0.001,42.395,2456904.0
2001QX322,K01QW2X,5.8190e+01,3.8886e-01,4.9794e-01,4.4484e+00,1.1384e+00,0.402,0.412,41.279,2455497.3
2001RW143,K01RE3W,4.3023e+01,3.3475e-02,5.1732e-02,2.2945e+00,4.0545e+00,0.531,-0.052,41.722,2456571.9
2001RZ143,K01RE3Z,4.4057e+01,6.3506e-02,3.7036e-02,1.4521e-01,5.6706e-01,0.573,0.016,41.276,2456306.9
2001SE291,K01ST1E,4.5386e+01,1.3177e-01,2.7646e-02,1.8620e+00,4.9878e+00,0.166,-0.028,39.740,2452963.7
2001UN18,K01U18N,4.4254e+01,7.4271e-02,6.2954e-02,4.0109e-01,3.8969e+00,0.565,0.010,46.888,2456571.9
2001XR254,K01XP4R,4.2946e+01,3.3151e-02,2.1520e-02,3.1385e+00,1.3425e+00,2.043,-0.019,43.993,2457460.7
2001XU254,K01XP4U,4.3427e+01,7.7920e-02,1.1362e-01,2.0025e+00,1.2765e+00,2.145,0.018,41.754,2457071.8
2001XX254,K01XP4X,4.3761e+01,2.7644e-02,3.0578e-02,1.4955e+00,1.8507e+00,2.142,0.019,43.287,2457071.8
2002CP154,K02CF4P,5.1443e+01,1.7688e-01,2.5656e-02,1.1624e+00,8.9073e-01,2.625,0.026,42.646,2456365.9
2002CS154,K02CF4S,4.3138e+01,4.9270e-02,2.0560e-02,1.5178e+00,2.4696e+00,3.102,0.021,41.729,2457104.8
2002CT154,K02CF4T,4.6783e+01,1.1238e-01,6.1680e-02,2.7833e+00,6.0225e+00,-3.135,0.022,42.329,2456364.8
2002CU154,K02CF4U,4.3736e+01,5.9013e-02,5.8503e-02,1.9008e+00,6.7853e-01,2.677,0.042,41.170,2457127.8
2002CY154,K02CF4Y,4.4282e+01,7.7869e-02,1.7087e-02,2.1117e+00,4.1542e+00,3.129,0.015,47.729,2457072.0
2002CZ154,K02CF4Z,4.3432e+01,5.9104e-02,1.7586e-01,2.6690e+00,4.1830e-01,-3.044,0.095,40.888,2457072.0
2002CX224,K02CM4X,4.6163e+01,1.3253e-01,2.9421e-01,7.3766e-01,2.3546e+00,1.007,0.079,48.505,2452937.0
2002CZ224,K02CM4Z,4.4981e+01,6.3016e-02,2.9444e-02,1.1608e+00,4.6441e+00,2.542,0.029,47.796,2456365.8
2002CB225,K02CM5B,4.4030e+01,7.9774e-02,6.6008e-02,1.7540e+00,2.0305e+00,3.060,0.065,41.278,2457104.8
2002CY248,K02CO8Y,4.6204e+01,1.4618e-01,1.2280e-01,5.2483e+00,5.8959e+00,2.375,-0.033,51.159,2457045.1
2002CD251,K02CP1D,4.2561e+01,1.1991e-02,2.4941e-02,8.5024e-01,1.8846e-01,2.818,0.023,42.663,2456365.9
2002FV6,K02F06V,4.6988e+01,1.5664e-01,5.3966e-02,5.4595e+00,1.1494e+00,3.139,-0.040,53.786,2457072.0
2002FW36,K02F36W,4.2886e+01,2.0422e-02,4.1033e-02,1.0003e+00,2.4521e+00,2.980,0.038,42.101,2457104.8
2002FX36,K02F36X,4.4170e+01,4.8798e-02,1.9775e-02,5.2534e+00,1.3907e+00,3.017,-0.016,46.043,2457072.0
2002GA32,K02G32A,5.0875e+01,2.9097e-01,2.6407e-01,4.2712e+00,1.1202e+00,-1.987,0.010,40.904,2453180.9
2002GH32,K02G32H,4.2007e+01,8.9968e-02,4.6572e-01,3.8510e+00,4.3646e+00,-2.341,0.040,43.311,2455651.8
2002PO149,K02PE9O,4.4027e+01,6.2225e-02,1.1729e-02,1.2479e+00,2.1866e+00,-0.143,-0.012,46.458,2456867.9
2002PP149,K02PE9P,4.0922e+01,8.9604e-02,6.0584e-01,2.7865e+00,2.1847e+00,-0.201,-0.110,39.149,2455456.8
2002PD155,K02PF5D,4.3228e+01,5.7050e-03,1.0064e-01,5.6215e+00,9.2125e-01,-0.336,0.034,43.022,2453266.9
2002PV170,K02PH0V,4.2662e+01,1.3831e-02,2.2201e-02,1.5442e+00,4.8617e+00,-0.305,-0.022,42.122,2456916.9
2002PX170,K02PH0X,4.2656e+01,4.2363e-02,2.7402e-02,2.0787e+00,1.9582e+00,-0.304,-0.019,43.290,2456952.7
2002PY170,K02PH0Y,4.3015e+01,3.2849e-02,5.2639e-02,1.9338e+00,2.1834e+00,-0.272,-0.043,43.402,2456867.9
2002PA171,K02PH1A,4.4340e+01,7.7210e-02,4.3773e-02,1.9122e+00,4.9267e-01,-0.355,-0.034,47.459,2456572.7
2002PC171,K02PH1C,4.4702e+01,5.8942e-02,6.2430e-02,5.8770e+00,5.3881e+00,-0.258,0.010,43.306,2457334.7
2002VE130,K02VD0E,4.4542e+01,6.6805e-02,5.6584e-02,6.2275e+00,4.0529e+00,1.311,0.056,47.188,2456603.0
2002VF130,K02VD0F,4.5794e+01,1.1624e-01,3.4083e-01,4.4945e+00,1.9588e+00,1.200,0.058,42.554,2453320.0
2002VT130,K02VD0T,4.2436e+01,3.2522e-02,2.0281e-02,5.8395e+00,6.0109e+00,1.300,0.020,43.016,2457046.9
2002VB131,K02VD1B,4.3126e+01,4.1343e-02,2.6686e-02,1.5151e+00,2.4836e+00,0.584,-0.022,44.834,2456573.0
2002VD131,K02VD1D,4.5088e+01,6.4166e-02,1.4888e-02,1.4751e+00,4.2221e+00,0.613,-0.012,43.858,2456572.0
2002VF131,K02VD1F,4.4153e+01,6.0119e-02,3.1538e-02,2.7425e+00,2.8215e-01,1.534,-0.030,43.833,2456953.0
2002WL21,K02W21L,4.3102e+01,4.1258e-02,4.4506e-02,1.1834e+00,5.8220e+00,1.581,0.018,41.926,2457071.7
2002XH91,K02X91H,4.3920e+01,8.9181e-02,8.7109e-02,1.4045e+00,3.2487e+00,1.923,0.044,47.458,2455920.9
2003FJ127,K03FC7J,4.4708e+01,2.5327e-01,3.9958e-01,2.8320e+00,1.5965e+00,2.935,0.041,41.021,2453057.9
2003FM127,K03FC7M,4.3758e+01,6.0894e-02,7.4840e-02,9.1466e-01,1.3502e+00,-2.491,0.020,43.489,2454228.7
2003FD128,K03FC8D,3.8260e+01,2.2184e-02,9.2572e-02,2.6031e+00,5.9271e+00,-3.110,0.051,37.736,2456366.0
2003FM129,K03FC9M,5.0567e+01,2.7769e-01,3.1234e-01,3.6595e+00,8.6329e-01,-2.272,0.118,37.440,2457189.9
2003FZ129,K03FC9Z,6.1787e+01,3.8479e-01,1.0112e-01,4.8922e-01,2.8148e+00,-2.573,-0.007,38.836,2457105.0
2003FA130,K03FD0A,4.2605e+01,3.1502e-02,5.0440e-03,5.3095e+00,4.9228e+00,-2.700,-0.005,41.341,2456426.8
2003GF55,K03G55F,4.5511e+01,5.3363e-02,1.0381e-01,2.8534e+00,5.0222e+00,-2.461,0.086,46.889,2456365.0
2003HX56,K03H56X,4.7201e+01,2.2437e-01,5.1531e-01,3.4478e+00,4.6278e+00,-2.776,0.039,46.519,2454591.9
2003HY56,K03H56Y,4.2598e+01,3.6526e-02,4.4942e-02,6.2207e-01,4.3218e+00,-2.576,0.002,42.036,2457136.9
2003HZ56,K03H56Z,4.3605e+01,4.3050e-03,4.4488e-02,9.9648e-01,1.8611e+00,-2.638,0.021,43.473,2456426.8
2003HE57,K03H57E,4.4203e+01,1.0172e-01,1.5471e-01,1.7448e-01,2.9043e+00,-2.482,-0.071,40.614,2457098.0
2003HG57,K03H57G,4.3618e+01,3.2552e-02,3.6617e-02,6.3362e-01,3.9756e+00,-2.544,0.001,42.665,2457164.8
2003HH57,K03H57H,4.4004e+01,8.6169e-02,2.5028e-02,6.8307e-01,2.6506e+00,-2.597,0.003,40.420,2456426.8
2003KO20,K03K20O,4.3924e+01,4.3200e-02,3.1172e-02,3.9917e+00,2.3879e+00,-2.494,-0.007,45.534,2453441.0
2003LD9,K03L09D,4.7260e+01,1.7500e-01,1.2162e-01,4.1435e+00,5.7377e+00,-1.893,0.031,40.818,2453528.7
2003QV90,K03Q90V,4.3850e+01,5.3739e-02,4.2045e-02,2.4097e+00,5.3714e+00,0.080,-0.031,43.359,2456571.8
2003QX90,K03Q90X,4.3752e+01,2.2620e-02,5.5868e-02,1.0707e+00,1.6696e+00,-0.594,-0.056,44.725,2456571.7
2003QY90,K03Q90Y,4.2741e+01,5.2304e-02,6.5764e-02,1.8180e+00,7.0351e-01,-0.534,-0.048,44.964,2454741.7
2003QD91,K03Q91D,4.3245e+01,3.2424e-02,3.8816e-02,1.4104e+00,3.9930e+00,-0.164,-0.039,42.153,2456867.9
2003QE91,K03Q91E,4.2973e+01,4.7891e-02,6.0580e-02,2.4208e-01,5.0516e+00,-0.169,-0.024,41.525,2456926.8
2003QF91,K03Q91F,4.2952e+01,3.4425e-02,3.8066e-02,1.0487e+00,4.1746e+00,-0.042,-0.034,42.153,2456952.8
2003QG91,K03Q91G,4.2537e+01,1.7512e-02,3.8519e-02,5.4135e-01,6.1396e+00,-0.656,-0.036,42.147,2456572.7
2003QJ91,K03Q91J,4.4251e+01,4.0514e-02,4.3406e-02,1.4628e+00,6.0297e+00,-0.543,-0.040,44.469,2456952.7
2003QK91,K03Q91K,6.7738e+01,4.3222e-01,6.9953e-02,4.8180e+00,1.2104e+00,-0.707,0.050,39.567,2454733.7
2003QL91,K03Q91L,4.3026e+01,9.3110e-03,2.6843e-02,2.8728e+00,3.5243e+00,-0.238,0.000,42.651,2456867.9
2003QN91,K03Q91N,4.2540e+01,1.0856e-01,7.5555e-02,3.2887e-01,5.3211e+00,-0.085,-0.032,38.433,2456868.0
2003QO91,K03Q91O,4.5321e+01,1.3195e-01,1.2420e-01,2.4618e+00,3.2491e+00,-0.223,-0.058,39.649,2455120.7
2003QQ91,K03Q91Q,3.8770e+01,7.1315e-02,9.4335e-02,1.0168e+00,7.9901e-01,0.290,-0.064,38.453,2457306.8
2003QR91,K03Q91R,4.6560e+01,1.8281e-01,6.0982e-02,4.7684e+00,2.2965e-01,-0.535,0.052,39.742,2456916.8
2003QS91,K03Q91S,4.6158e+01,1.4202e-01,6.6549e-02,3.4183e+00,2.8416e+00,-0.200,0.032,39.697,2456867.9
2003QT91,K03Q91T,4.4174e+01,8.2706e-02,3.2987e-03,2.5398e+00,3.0266e+00,0.044,-0.002,41.417,2456952.8
2003QA92,K03Q92A,3.8215e+01,5.9095e-02,5.9882e-02,1.9160e+00,5.1876e+00,-0.371,-0.046,37.279,2456156.1
2003QY111,K03QB1Y,4.3309e+01,3.6513e-02,5.1470e-02,1.6743e+00,3.8239e+00,0.161,-0.053,42.348,2456571.9
2003QZ111,K03QB1Z,4.3006e+01,6.0748e-02,4.6426e-02,5.6905e+00,2.9238e-01,-0.081,0.024,40.459,2456604.6
2003QA112,K03QB2A,4.2641e+01,1.1792e-01,2.7944e-01,1.2095e-02,3.2111e+00,-0.208,-0.060,47.412,2455119.7
2003QB112,K03QB2B,4.4057e+01,1.0793e-01,1.9795e-01,2.3906e-01,5.5556e+00,0.262,0.004,40.347,2456928.0
2003QE112,K03QB2E,4.3027e+01,4.3270e-02,7.3775e-02,1.6472e+00,7.0815e-01,-0.362,-0.068,44.698,2456572.7
2003SN317,K03SV7N,4.2492e+01,4.2380e-02,2.6145e-02,3.7601e+00,1.5252e+00,0.102,0.012,41.649,2454800.8
2003SQ317,K03SV7Q,4.2645e+01,7.9806e-02,4.9857e-01,3.0771e+00,3.3669e+00,0.120,-0.106,39.241,2456220.8
2003TJ58,K03T58J,4.4405e+01,8.6492e-02,1.6668e-02,6.4987e-01,2.0677e-01,1.287,0.010,40.888,2453764.6
2003TK58,K03T58K,4.3079e+01,6.5081e-02,5.8573e-02,1.1770e+00,3.6357e+00,1.470,0.018,45.830,2457071.7
2003TL58,K03T58L,4.3540e+01,4.5016e-02,1.3507e-01,4.4541e+00,3.9389e+00,1.566,-0.032,41.854,2457335.0
2003UY413,K03Uf3Y,4.7248e+01,2.0928e-01,3.6203e-01,5.9562e+00,6.0195e+00,0.486,0.263,41.152,2457229.1
2003UN284,K03US4N,4.2616e+01,3.4040e-03,5.3582e-02,6.2846e-01,6.1790e+00,1.201,0.030,42.505,2457422.8
2003UT291,K03UT1T,4.2787e+01,6.1986e-02,2.8117e-02,8.9258e-01,3.5840e+00,1.043,0.004,45.299,2456572.9
2003UZ291,K03UT1Z,4.5143e+01,1.3275e-01,9.3131e-02,3.9416e+00,5.5278e+00,1.224,-0.037,46.822,2456927.0
2003UB292,K03UT2B,4.7074e+01,5.5501e-02,3.3650e-01,4.9222e-01,3.3890e+00,0.780,0.097,49.684,2456573.0
2003UJ292,K03UT2J,5.5734e+01,3.1790e-01,1.9309e-01,3.3966e+00,3.8717e+00,0.580,-0.066,38.706,2456621.8
2003UN292,K03UT2N,4.4914e+01,1.0852e-01,1.5411e-02,4.1134e-01,1.2879e+00,1.236,0.012,40.418,2457422.8
2003WU188,K03WI8U,4.4132e+01,3.9420e-02,6.5869e-02,1.4670e+00,5.4752e+00,1.852,0.026,43.465,2457460.7
2003YK179,K03YH9K,4.1653e+01,1.4370e-01,3.4228e-01,4.3662e+00,4.9961e+00,1.393,-0.057,41.487,2456245.9
2003YL179,K03YH9L,3.8807e+01,1.8470e-03,4.4052e-02,4.5753e+00,3.0065e+00,1.308,0.006,38.735,2454036.9
2003YM179,K03YH9M,4.0960e+01,5.5557e-02,4.0865e-01,1.2725e+00,5.0068e+00,1.315,0.027,40.329,2453763.8
2003YN179,K03YH9N,4.4260e+01,4.6530e-03,4.8293e-02,1.1566e+00,3.8942e+00,1.550,0.018,44.451,2456603.0
2003YP179,K03YH9P,4.4038e+01,8.0405e-02,1.6563e-02,1.1551e+00,3.1172e-02,2.121,0.014,41.807,2456363.8
2003YR179,K03YH9R,4.3421e+01,5.2249e-02,1.7144e-01,1.8223e+00,4.9689e-01,2.132,0.057,41.180,2456363.8
2003YS179,K03YH9S,4.3585e+01,2.4551e-02,6.5066e-02,1.5109e+00,2.2450e+00,2.117,0.038,43.611,2456365.7
2003YT179,K03YH9T,4.3544e+01,2.6149e-02,2.9391e-02,4.9435e+00,6.0031e+00,2.118,-0.010,44.465,2456363.8
2003YU179,K03YH9U,4.6733e+01,1.5939e-01,8.4753e-02,2.2072e+00,5.6921e+00,2.214,0.001,40.247,2456686.0
2003YV179,K03YH9V,4.7028e+01,2.1822e-01,2.7171e-01,1.9179e+00,1.1733e+00,2.161,0.073,39.447,2456363.8
2003YX179,K03YH9X,4.3581e+01,4.2639e-02,8.4666e-02,1.9570e+00,9.4794e-01,2.148,0.018,42.171,2456365.6
2004DH64,K04D64H,4.6442e+01,9.3326e-02,6.1436e-02,2.3511e+00,2.6770e+00,2.557,0.013,49.640,2456365.8
2004DM71,K04D71M,4.3092e+01,3.4538e-02,4.0160e-02,1.8424e+00,5.2775e+00,-3.058,0.040,44.149,2457097.9
2004DG77,K04D77G,4.3795e+01,1.2972e-01,8.3236e-01,6.1580e+00,5.1632e+00,-3.138,-0.140,44.568,2457097.8
2004EP95,K04E95P,4.3540e+01,3.4795e-02,1.7834e-01,3.0007e+00,2.0512e+00,-2.699,0.099,43.341,2453439.9
2004ES95,K04E95S,4.5284e+01,1.3968e-01,6.1313e-02,6.5129e-01,3.6778e+00,-2.696,0.012,40.198,2456807.8
2004HC79,K04H79C,4.6398e+01,1.6064e-01,2.5238e-02,1.1948e+00,2.7315e+00,-2.193,0.006,39.026,2454625.7
2004HD79,K04H79D,4.5942e+01,3.1762e-02,2.2776e-02,2.7779e+00,4.0545e+00,-2.121,0.023,47.226,2456453.6
2004HE79,K04H79E,4.4311e+01,9.7981e-02,5.3913e-02,1.0964e+00,2.8392e+00,-2.040,0.000,40.121,2457128.0
2004HG79,K04H79G,4.4199e+01,2.3482e-02,6.2780e-02,9.8280e-01,3.2854e+00,-2.059,-0.005,43.163,2457128.0
2004HH79,K04H79H,4.3254e+01,5.9213e-02,1.5027e-01,3.8807e+00,1.7319e+00,-2.024,0.058,42.533,2457185.8
2004HK79,K04H79K,4.3901e+01,7.9288e-02,3.3947e-02,1.2044e+00,3.1835e+00,-2.442,0.017,40.886,2456366.0
2004HL79,K04H79L,4.2109e+01,7.3510e-02,2.9247e-01,3.5342e+00,5.4693e+00,-2.566,0.062,40.346,2455004.8
2004HQ79,K04H79Q,6.3283e+01,4.2251e-01,1.1296e-01,6.4991e-01,3.0281e+00,-2.268,-0.026,37.193,2457166.6
2004KD19,K04K19D,3.8257e+01,1.7072e-02,3.7106e-02,8.2118e-02,1.1949e+00,-2.092,-0.031,38.891,2454591.9
2004KE19,K04K19E,4.4360e+01,4.9813e-02,2.0560e-02,5.1040e+00,4.5048e+00,-2.230,-0.018,42.675,2454624.7
2004KF19,K04K19F,4.4123e+01,6.3475e-02,1.8850e-03,5.7144e+00,4.8532e+00,-2.205,-0.002,41.369,2454624.8
2004KG19,K04K19G,4.3270e+01,2.2087e-02,1.6808e-02,5.2165e+00,4.7373e+00,-2.028,-0.014,42.459,2457128.0
2004KH19,K04K19H,4.0772e+01,1.1721e-01,6.1488e-01,4.0659e+00,3.9346e+00,-2.171,0.027,43.995,2454945.1
2004KJ19,K04K19J,4.6975e+01,2.3572e-01,4.2623e-01,4.1297e+00,8.1294e-01,-1.936,0.100,37.039,2456807.9
2004KK19,K04K19K,4.2388e+01,1.4267e-01,7.8278e-02,4.1549e+00,3.8215e+00,-2.136,-0.002,46.584,2455276.0
2004LW31,K04L31W,4.6283e+01,4.1390e-02,5.3390e-02,2.1768e+00,4.0074e+00,-1.575,0.030,45.998,2453585.9
2004MT8,K04M08T,4.3105e+01,4.2421e-02,3.9078e-02,1.5225e+00,4.9634e-01,-1.056,-0.021,44.931,2457185.9
2004MU8,K04M08U,4.4861e+01,8.0946e-02,6.2465e-02,1.9154e+00,5.8889e+00,-1.046,-0.010,47.847,2456452.9
2004MV8,K04M08V,4.7234e+01,1.7503e-01,4.7482e-01,1.9241e+00,3.3698e+00,-1.071,-0.067,38.987,2454624.9
2004OJ14,K04O14J,5.5300e+01,2.9072e-01,3.9207e-01,1.8187e+00,2.2858e+00,-1.078,-0.101,44.895,2454292.9
2004OP15,K04O15P,3.8584e+01,5.5320e-02,4.0048e-01,5.0472e+00,1.6305e+00,-1.176,0.015,38.512,2454590.0
2004OS15,K04O15S,5.5760e+01,3.1667e-01,7.4142e-02,2.1573e+00,3.5398e+00,-1.005,0.003,38.987,2454624.9
2004PX107,K04PA7X,4.3581e+01,5.4249e-02,5.3163e-02,1.1434e+00,3.5643e+00,-1.038,-0.043,41.492,2453853.8
2004PY107,K04PA7Y,4.4160e+01,9.6292e-02,2.7524e-02,1.4221e+00,2.9608e+00,-0.991,-0.019,41.315,2454678.8
2004PB108,K04PA8B,4.5076e+01,1.0877e-01,3.5263e-01,2.5732e+00,4.7750e+00,-0.244,-0.123,43.180,2455116.7
2004PA112,K04PB2A,3.8923e+01,1.0822e-01,5.7474e-01,2.7853e+00,3.9698e+00,-0.190,-0.111,35.371,2455455.9
2004PT117,K04PB7T,4.2983e+01,4.1326e-02,2.1607e-02,2.2166e-03,3.4011e+00,-0.742,-0.014,43.913,2456571.6
2004PU117,K04PB7U,4.2815e+01,1.3951e-02,3.2690e-02,4.0431e-01,5.8308e+00,-0.728,-0.030,42.340,2456571.6
2004PV117,K04PB7V,4.6071e+01,1.5344e-01,7.5451e-02,5.7461e+00,5.4857e+00,-0.642,-0.010,40.151,2456451.9
2004PW117,K04PB7W,4.3614e+01,6.0593e-02,3.2515e-02,1.4202e+00,1.2800e+00,-0.712,-0.028,46.162,2456571.7
2004PX117,K04PB7X,4.4264e+01,9.9872e-02,6.5398e-02,2.0960e+00,1.2790e+00,-0.649,-0.027,46.855,2456572.8
2004QE29,K04Q29E,4.0875e+01,8.3822e-02,4.2106e-01,5.5478e+00,6.1788e+00,-0.496,0.117,37.665,2456952.7
2004QH29,K04Q29H,5.0779e+01,2.2671e-01,2.0965e-01,5.7016e+00,3.2779e-01,-0.397,0.044,39.320,2456952.7
2004UD10,K04U10D,4.2842e+01,3.6793e-02,6.1017e-02,9.5527e-01,3.6236e+00,1.063,0.006,44.294,2456952.9
2004VA131,K04VD1A,4.5539e+01,9.6182e-02,1.3369e-02,3.6235e+00,3.2237e+00,0.864,-0.005,41.310,2456218.9
2004VB131,K04VD1B,4.4188e+01,7.1823e-02,3.0491e-02,8.7940e-01,3.6188e+00,0.861,0.000,46.930,2456980.8
2004VC131,K04VD1C,4.3948e+01,7.4008e-02,8.5696e-03,2.1763e+00,4.9004e+00,0.854,-0.008,40.704,2455920.7
2004VD131,K04VD1D,4.6362e+01,1.2781e-01,6.3722e-02,6.3078e-01,5.7550e+00,1.012,0.023,42.221,2456572.0
2004VG131,K04VD1G,6.4100e+01,5.0638e-01,2.3810e-01,7.4567e-01,6.0272e+00,0.777,0.006,32.061,2454031.8
2004XR190,K04XJ0R,5.7554e+01,1.1229e-01,8.1406e-01,4.4046e+00,4.9423e+00,1.332,-0.087,57.545,2457046.9
2004XX190,K04XJ0X,4.5180e+01,4.8532e-01,2.5918e-02,1.2536e+00,5.0888e+00,1.304,0.001,40.968,2453729.9
2005BW49,K05B49W,4.4080e+01,7.8141e-02,3.6704e-02,1.0292e+00,2.1256e+00,2.344,0.036,41.539,2456365.8
2005CE81,K05C81E,4.2714e+01,4.6687e-02,5.3826e-02,1.8122e+00,7.4616e-01,2.516,0.036,40.720,2456364.7
2005CG81,K05C81G,5.3843e+01,2.3755e-01,4.5646e-01,2.3503e+00,9.9564e-01,2.551,0.105,43.353,2456365.8
2005EE296,K05ET6E,4.4138e+01,6.9343e-02,5.7526e-02,5.9690e+00,5.0759e+00,2.556,0.015,45.784,2456364.7
2005EP296,K05ET6P,5.6234e+01,2.1721e-01,5.3459e-02,2.3943e+00,2.6124e-01,2.718,0.018,44.052,2453530.5
2005EX297,K05ET7X,4.4026e+01,1.1231e-01,8.3776e-02,4.9365e-01,4.0073e+00,2.780,0.064,44.194,2457460.7
2005EN302,K05EU2N,4.4984e+01,8.3001e-02,5.3337e-02,8.3474e-01,1.6987e-01,-2.739,0.023,47.934,2457105.0
2005EM303,K05EU3M,4.3554e+01,1.9584e-02,9.7773e-02,1.9765e+00,1.8792e+00,-2.658,0.099,42.721,2456426.8
2005EF304,K05EU4F,8.6419e+01,5.5396e-01,3.2641e-01,2.7128e-01,3.4604e+00,-3.013,-0.047,40.049,2453472.9
2005EO304,K05EU4O,4.5627e+01,6.8203e-02,5.9603e-02,1.6391e+00,2.6116e+00,-2.867,0.060,43.436,2454915.9
2005EC318,K05EV8C,4.3741e+01,3.4713e-02,4.4192e-02,1.9067e+00,5.0477e+00,2.808,0.036,44.531,2456015.8
2005GX186,K05GI6X,4.3958e+01,1.8903e-02,6.5991e-02,2.7735e+00,1.1756e+00,-3.099,0.027,43.352,2456366.0
2005GC187,K05GI7C,4.4097e+01,1.2451e-01,4.1870e-02,3.8188e-02,3.4694e+00,-2.263,-0.031,39.120,2457461.0
2005GD187,K05GI7D,4.3022e+01,2.0220e-02,1.2252e-02,6.1863e+00,5.9364e+00,2.835,0.003,43.884,2457072.0
2005JZ174,K05JH4Z,4.2609e+01,7.3507e-02,1.1364e-01,1.0330e+00,4.2456e+00,-2.343,0.029,41.735,2457461.0
2005JA175,K05JH5A,4.2437e+01,1.0689e-01,2.4890e-01,3.9286e+00,3.4080e+00,-2.264,0.024,46.893,2457166.6
2005JH177,K05JH7H,4.4528e+01,9.4306e-02,5.7159e-02,2.0499e+00,1.0418e+00,-2.430,0.057,41.306,2456773.7
2005JP179,K05JH9P,4.2932e+01,2.7557e-02,3.6565e-02,2.4062e+00,3.7001e-01,-2.407,0.037,42.368,2456773.8
2005JR179,K05JH9R,4.6884e+01,1.1549e-01,6.5363e-02,1.2410e+00,1.0536e+00,-2.361,0.030,46.466,2457461.0
2005JY185,K05JI5Y,4.4077e+01,6.8484e-02,3.7333e-02,5.5653e-01,1.9147e+00,-1.923,-0.023,44.807,2454594.0
2005JB186,K05JI6B,4.1469e+01,1.0566e-01,3.5291e-01,4.1609e+00,6.4274e-01,-1.921,0.077,37.403,2457185.8
2005JJ186,K05JI6J,4.4636e+01,9.4308e-02,7.2274e-02,1.1129e+00,4.1596e+00,-1.870,-0.011,41.691,2454236.9
2005JK186,K05JI6K,4.7270e+01,2.4405e-01,4.7564e-01,1.1022e+00,4.0033e+00,-1.847,-0.086,37.340,2455276.0
2005LA54,K05L54A,4.4317e+01,6.6997e-02,1.3818e-01,1.2333e+00,3.4624e+00,-1.876,-0.005,41.454,2456452.8
2005LB54,K05L54B,4.3689e+01,4.6818e-02,5.2430e-02,1.6768e+00,2.9872e+00,-1.853,0.020,41.694,2456452.8
2005LC54,K05L54C,6.7356e+01,4.6284e-01,3.9170e-01,1.1442e+00,4.1337e+00,-1.983,-0.003,42.143,2454594.0
2005NU125,K05NC5U,8.0836e+01,5.0835e-01,6.4863e-01,5.1888e+00,6.2634e+00,-0.822,0.201,40.565,2457223.0
2005PL21,K05P21L,4.6515e+01,1.4905e-01,8.2659e-02,6.7221e-01,3.7051e+00,-0.533,-0.079,44.120,2456867.9
2005PS21,K05P21S,4.4450e+01,7.9943e-02,4.5344e-02,3.2919e+00,4.4018e+00,-0.225,0.017,44.373,2456926.8
2005PT21,K05P21T,7.4843e+01,5.2074e-01,1.3793e-01,3.0920e+00,1.8715e+00,-0.277,0.029,43.445,2454763.8
2005RQ43,K05R43Q,4.1373e+01,9.4857e-02,3.5252e-01,1.1571e+00,4.6907e+00,0.738,-0.142,39.550,2457032.8
2006AO98,K06A98O,3.7966e+01,8.8270e-02,4.1637e-01,2.2002e+00,1.4678e+00,2.415,0.103,36.552,2456363.8
2006BR284,K06BS4R,4.3802e+01,3.9334e-02,2.0176e-02,2.6625e-01,1.8006e+00,2.278,0.018,42.122,2455652.8
2006BS284,K06BS4S,5.9564e+01,4.3870e-01,7.9849e-02,5.7236e+00,4.3391e+00,2.399,0.014,44.182,2456365.8
2006CH69,K06C69H,4.5746e+01,3.6434e-02,3.1259e-02,7.1562e-01,1.1356e+00,2.482,0.031,44.390,2456364.7
2006HN122,K06HC2N,4.5883e+01,1.8568e-01,1.3594e-01,5.5375e+00,2.7845e+00,2.618,-0.032,38.384,2457460.7
2006HP122,K06HC2P,4.6245e+01,1.6473e-01,1.5863e-01,7.1138e-01,2.5746e+00,-2.321,-0.014,39.798,2457461.0
2006HQ122,K06HC2Q,9.1067e+01,5.8613e-01,3.7772e-01,3.7896e+00,6.0352e+00,-2.335,0.071,39.049,2456829.9
2006HR122,K06HC2R,6.2035e+01,3.7282e-01,6.0615e-02,8.7830e-01,2.5354e+00,-2.498,0.013,39.743,2454297.5
2006HT122,K06HC2T,3.8962e+01,9.0781e-02,1.2547e-01,2.9926e+00,2.4191e+00,-2.432,0.096,38.505,2453970.5
2006HV122,K06HC2V,8.1161e+01,5.3721e-01,2.7990e-01,7.1033e-01,4.1428e+00,-2.225,-0.061,41.807,2457166.6
2006HW122,K06HC2W,4.5458e+01,6.6172e-02,2.6791e-02,8.0596e-01,2.1547e+00,-2.087,-0.006,44.267,2457137.0
2006HA123,K06HC3A,4.2779e+01,4.6193e-02,5.7648e-02,9.0837e-01,2.8750e+00,-1.997,-0.013,41.023,2454236.9
2006HB123,K06HC3B,4.4086e+01,8.9926e-02,3.1451e-02,2.0202e+00,2.2086e+00,-2.075,0.026,40.122,2456450.8
2006HE123,K06HC3E,4.4057e+01,6.7331e-02,7.3897e-02,1.4733e+00,2.7192e+00,-2.173,0.034,41.095,2453970.6
2006JU58,K06J58U,4.6245e+01,1.2591e-01,1.2277e-01,4.1625e+00,4.4235e+00,-2.018,0.011,47.732,2457128.0
2006JV58,K06J58V,4.4957e+01,6.0838e-02,5.5327e-03,2.5282e+00,1.6137e+00,-1.977,0.005,42.257,2457185.8
2006QR181,K06QI1R,4.6612e+01,2.0155e-01,1.7172e-01,5.0810e+00,5.3302e-01,0.389,0.176,40.710,2456952.8
2006QS181,K06QI1S,5.6531e+01,4.2253e-01,2.5847e-01,4.0269e+00,1.4981e+00,0.150,0.171,36.961,2454090.8
2006SE415,K06Sf5E,4.2599e+01,2.7193e-02,3.2318e-01,3.6476e+00,1.0311e+00,-0.084,0.182,42.503,2457334.7
2006SF415,K06Sf5F,4.3198e+01,7.7006e-02,2.7423e-01,4.6975e+00,2.1143e+00,-0.206,0.276,40.614,2454709.8
2006TK121,K06TC1K,3.8502e+01,2.0979e-01,4.7600e-01,3.0415e+00,5.1213e+00,0.475,-0.286,34.980,2454114.6
2006UO321,K06UW1O,4.3640e+01,7.3262e-02,4.0614e-02,1.1515e+00,3.9913e+00,0.076,-0.035,42.396,2454822.7
2006WF206,K06WK6F,4.3507e+01,4.9110e-02,3.5884e-02,1.0142e+00,3.2215e+00,2.328,0.035,44.087,2456364.7
2006WG206,K06WK6G,5.0398e+01,2.9055e-01,2.4949e-01,5.5366e+00,2.1402e+00,2.364,0.010,39.578,2455217.9
2007CQ79,K07C79Q,4.5435e+01,7.6945e-02,2.0665e-02,6.2268e+00,4.1364e+00,2.479,0.012,45.231,2456364.7
2007CR79,K07C79R,4.7149e+01,2.1879e-01,3.8169e-01,2.3261e+00,6.2355e+00,2.674,0.139,37.412,2457071.9
2007CS79,K07C79S,4.4169e+01,3.5219e-02,2.6878e-02,5.7646e+00,2.4092e+00,2.615,0.000,42.990,2457097.7
2007DS101,K07DA1S,4.3995e+01,8.6486e-02,2.4243e-02,4.6232e-01,3.7678e+00,2.575,0.021,43.949,2456364.7
2007FM51,K07F51M,4.5547e+01,1.6090e-01,5.1002e-01,1.8611e+00,5.9728e+00,2.967,0.475,43.765,2457136.9
2007FO51,K07F51O,5.0391e+01,2.8786e-01,4.8773e-01,7.5444e-01,2.6272e+00,3.098,0.377,36.425,2457423.0
2007FP51,K07F51P,4.4757e+01,2.0159e-01,4.4691e-01,1.2568e+00,9.8077e-01,3.024,0.450,37.528,2456744.9
2007HV90,K07H90V,4.3902e+01,6.7217e-02,5.1365e-02,1.5524e+00,2.0749e+00,-1.931,0.018,41.346,2457166.8
2007LE38,K07L38E,5.4060e+01,2.2691e-01,6.2773e-01,3.3777e+00,9.3524e-01,-1.800,0.586,42.019,2457164.9
2007LH38,K07L38H,1.3391e+02,7.2518e-01,5.9685e-01,2.1455e+00,2.2714e+00,-1.838,0.475,36.819,2456480.5
2007LJ38,K07L38J,7.2328e+01,4.6946e-01,5.5048e-01,2.4052e+00,2.0593e+00,-1.767,0.499,38.378,2457164.9
2007RL314,K07RV4L,4.0389e+01,3.7980e-02,3.6751e-01,3.6872e+00,4.0382e-01,-0.211,0.268,40.874,2455037.9
2007RM314,K07RV4M,7.0798e+01,4.8435e-01,3.6453e-01,3.6550e+00,1.3242e+00,-0.132,0.228,45.168,2456567.9
2007RW326,K07RW6W,4.5923e+01,2.3549e-01,3.5779e-01,4.6130e+00,1.2575e+00,-0.260,0.354,35.169,2455003.9
2007RX326,K07RW6X,4.6096e+01,1.5652e-01,4.3684e-01,4.6154e+00,9.1427e-01,-0.277,0.432,39.456,2455004.9
2007RY326,K07RW6Y,3.8818e+01,6.7765e-02,4.4469e-01,4.0535e+00,3.1491e+00,-0.183,0.409,37.562,2456567.9
2007RZ326,K07RW6Z,5.2667e+01,3.4644e-01,6.5045e-01,5.1731e+00,1.8098e+00,-0.147,0.576,36.868,2456570.9
2007TZ417,K07Tf7Z,4.1533e+01,1.3184e-01,3.8881e-01,1.2662e+00,5.2608e-01,0.686,-0.228,38.711,2456952.9
2007VJ302,K07VU2J,4.3155e+01,6.7902e-02,1.5205e-01,1.0337e+00,5.7866e+00,0.457,-0.086,40.236,2456573.0
2007VK305,K07VU5K,5.7206e+01,3.6414e-01,3.5362e-01,3.0080e+00,2.5114e+00,0.890,-0.310,51.579,2454764.0
2008AQ118,K08AB8Q,4.1494e+01,6.1567e-02,4.2902e-01,5.4532e+00,3.4503e+00,2.438,-0.060,38.971,2457066.9
2008JO41,K08J41O,8.7374e+01,5.4325e-01,8.5200e-01,2.6714e+00,2.5580e+00,-1.562,0.805,42.975,2456489.0
2008QB43,K08Q43B,4.1670e+01,7.5828e-02,4.5986e-01,5.5935e+00,9.7051e-01,-0.133,0.248,38.716,2455016.9
2008SP266,K08SQ6P,4.0993e+01,1.2037e-01,3.4043e-01,2.4644e+00,4.1423e+00,0.206,-0.275,36.066,2457003.8
2009DL143,K09DE3L,4.3546e+01,4.7128e-02,1.9228e-01,1.9443e+00,5.6388e+00,-2.956,0.192,44.350,2457072.0
2009DM143,K09DE3M,5.4384e+01,3.4167e-01,2.8482e-01,2.5491e+00,3.1878e-01,-3.104,0.179,36.360,2454953.0
2009DO143,K09DE3O,4.4029e+01,1.1885e-01,2.0216e-01,1.3104e+00,3.8139e+00,-3.073,0.194,45.183,2454948.9
2009DR143,K09DE3R,4.6890e+01,1.5929e-01,1.6664e-01,1.4448e+00,3.5040e+00,-2.943,0.161,46.114,2457072.0
2009DT143,K09DE3T,3.8211e+01,1.1703e-01,5.2588e-01,2.8868e+00,1.5081e+00,-3.071,0.196,35.854,2454948.8
2009KK30,K09K30K,6.0075e+01,3.7238e-01,2.4894e-01,4.5337e+00,4.5951e+00,-1.905,-0.040,50.946,2455716.8
2009KL30,K09K30L,4.5602e+01,1.9510e-01,4.0415e-01,4.4585e+00,3.1463e+00,-1.926,-0.043,54.417,2455358.9
2009KO30,K09K30O,4.4262e+01,7.1042e-02,1.6364e-01,9.4160e-01,6.0125e+00,-1.898,-0.050,46.826,2455716.0
2009KX36,K09K36X,6.7494e+01,3.2685e-01,3.2734e-01,2.4879e+00,7.2630e-01,-3.109,0.217,45.434,2455006.9
2009KY36,K09K36Y,4.1703e+01,8.4814e-02,4.3050e-01,5.9469e-01,2.0725e+00,-3.080,0.219,38.566,2455006.9
2009KA37,K09K37A,4.7602e+01,1.8195e-01,2.6538e-01,2.2320e+00,9.6449e-01,-3.106,0.221,38.942,2455006.9
2009MG10,K09M10G,4.7061e+01,3.3385e-01,3.4866e-01,1.4747e+00,3.2420e+00,-1.037,-0.221,32.666,2455068.5
2009UF156,K09UF6F,4.2884e+01,1.9547e-02,2.2602e-02,1.3036e+00,4.9665e-01,0.694,-0.013,42.504,2456572.0
2010AH2,K10A02H,4.0528e+01,4.4647e-02,3.1454e-01,2.2277e+00,9.0942e-01,2.288,0.028,39.252,2457122.8
2010DN93,K10D93N,5.5197e+01,1.8598e-01,7.0855e-01,1.5905e+00,5.4786e-01,2.961,0.712,47.583,2455631.9
2010FX86,K10F86X,4.6797e+01,6.0113e-02,4.3944e-01,5.4269e+00,6.1686e+00,-2.470,-0.448,46.395,2456069.6
2010JK124,K10JC4K,3.9647e+01,3.0871e-02,2.7135e-01,4.8426e+00,2.1703e+00,-2.034,-0.160,40.792,2455686.8
2010KZ39,K10K39Z,4.5200e+01,5.4956e-02,4.5532e-01,9.2810e-01,5.5579e+00,-1.897,-0.143,46.324,2456006.9
2010LP68,K10L68P,3.6311e+01,3.0572e-02,1.8771e-01,4.5760e+00,5.2466e+00,-1.906,-0.038,35.548,2455716.8
2010PP81,K10P81P,5.1595e+01,2.6448e-01,5.4093e-01,3.0033e+00,2.9492e+00,-0.412,0.152,37.990,2455854.8
2010RN45,K10R45N,4.0194e+01,8.4572e-02,5.7201e-01,2.1540e+00,5.8368e+00,-0.317,-0.394,41.077,2455512.6
2010RF64,K10R64F,4.2962e+01,1.7328e-01,5.0075e-01,2.2870e+00,3.6573e+00,0.043,-0.409,36.002,2456163.8
2010RN64,K10R64N,4.0889e+01,8.3478e-02,3.4683e-01,1.1961e+00,7.0103e-01,0.218,-0.295,41.024,2457334.7
2010RO64,K10R64O,4.6860e+01,1.2152e-01,2.9754e-01,1.0621e+00,5.4578e+00,0.251,-0.213,41.166,2457033.8
2010RD188,K10RI8D,4.0401e+01,5.9160e-02,4.8789e-01,1.1375e+00,6.2279e+00,0.046,-0.439,39.130,2456629.7
2010RE188,K10RI8E,4.6004e+01,1.4711e-01,1.1790e-01,3.3020e+00,3.6678e+00,0.251,-0.012,39.692,2456592.8
2010RF188,K10RI8F,4.6712e+01,2.9358e-01,2.4168e-01,3.1120e+00,5.8143e+00,0.138,-0.040,55.905,2456545.0
2010SS43,K10S43S,4.5312e+01,2.1704e-01,6.0177e-01,5.9585e+00,1.9394e+00,0.318,0.392,40.157,2456544.1
2010TJ0,K10T00J,6.2841e+01,3.6505e-01,6.7895e-01,1.5934e+00,4.7767e+00,0.510,-0.614,40.568,2456303.0
2010TL182,K10TI2L,4.3815e+01,5.8518e-02,2.8065e-02,1.9978e+00,5.0278e+00,0.384,-0.029,41.393,2456592.9
2010TP182,K10TI2P,4.5110e+01,1.7879e-01,1.6951e-01,3.6643e+00,4.0669e+00,0.551,-0.004,39.303,2455485.0
2010TA192,K10TJ2A,4.1994e+01,1.0912e-01,3.1390e-01,4.0168e+00,5.2428e-01,0.549,0.108,44.620,2456570.9
2010TB192,K10TJ2B,5.4578e+01,3.2004e-01,2.2721e-01,4.2524e+00,1.9005e+00,0.607,0.116,39.357,2456490.1
2010TD192,K10TJ2D,4.3160e+01,2.5698e-02,7.5381e-02,1.3421e+00,5.4333e+00,0.869,-0.035,42.126,2456620.8
2010TE192,K10TJ2E,4.1249e+01,5.5700e-02,3.7134e-01,5.1822e-01,4.9949e+00,0.915,0.150,41.427,2456596.0
2010TF192,K10TJ2F,4.3352e+01,2.1945e-02,4.0404e-02,1.3627e+00,1.2937e+00,0.927,-0.017,43.478,2456620.8
2010TG192,K10TJ2G,4.3992e+01,5.8716e-02,2.3056e-02,5.8386e+00,5.7498e-01,1.029,0.023,42.304,2456629.8
2010TK192,K10TJ2K,4.6359e+01,1.1486e-01,6.3900e-01,4.3446e-01,3.7286e-01,0.371,-0.044,41.451,2456592.9
2010VQ11,K10V11Q,4.5174e+01,1.3937e-01,2.3220e-01,3.0498e+00,3.7485e+00,1.271,-0.233,40.218,2456984.9
2010VR11,K10V11R,4.1433e+01,1.4435e-01,5.3973e-01,1.5131e+00,6.1317e-01,1.231,-0.152,37.271,2457063.1
2010VK201,K10VK1K,4.3164e+01,1.1042e-01,5.0342e-01,2.7305e+00,1.4407e+00,0.861,-0.494,47.876,2456239.9
2010VX224,K10VM4X,3.9742e+01,2.0439e-01,2.7135e-01,2.6688e+00,2.9863e-02,0.923,-0.274,39.588,2456637.8
2011BR163,K11BG3R,9.7243e+01,6.1000e-01,4.3225e-01,1.8744e+00,3.5367e-01,2.261,0.184,37.984,2456741.8
2011BS163,K11BG3S,4.3721e+01,5.2236e-02,8.0041e-02,2.9364e+00,3.6954e+00,2.523,-0.032,44.959,2456740.8
2011BV163,K11BG3V,4.4150e+01,1.0218e-01,7.9203e-02,1.8427e+00,7.3597e-01,2.217,0.031,39.857,2456722.9
2011CX119,K11CB9X,4.1778e+01,1.4148e-01,4.7792e-01,5.6511e+00,1.1716e+00,2.753,-0.135,45.010,2456770.8
2011HP83,K11H83P,5.2473e+01,3.1200e-01,5.0004e-01,2.1461e-01,3.6353e+00,-2.145,-0.382,36.694,2456102.7
2011HZ102,K11HA2Z,4.3189e+01,8.1960e-03,4.1818e-02,2.6990e+00,8.5718e-01,-1.357,0.034,43.113,2457187.1
2011HE103,K11HA3E,4.4019e+01,1.0075e-01,1.1893e-01,4.5457e+00,4.1327e+00,-1.418,0.035,47.245,2456036.9
2011HF103,K11HA3F,4.3005e+01,5.0148e-02,5.3337e-02,2.6594e+00,6.3680e-01,-1.445,0.044,42.849,2456126.9
2011HJ103,K11HA3J,4.6594e+01,1.7797e-01,9.3532e-02,2.2032e+00,3.5268e+00,-1.455,0.047,40.637,2455745.0
2011JW31,K11J31W,4.6081e+01,1.5255e-01,3.2673e-02,3.6490e+00,2.4462e+00,-1.415,0.031,42.937,2456036.9
2011JX31,K11J31X,4.4929e+01,1.0961e-01,5.7770e-02,2.4277e+00,3.4411e-01,-1.419,0.039,46.854,2456038.9
2011JY31,K11J31Y,4.3975e+01,4.4627e-02,4.5448e-02,4.0387e+00,1.7332e+00,-1.415,0.033,42.740,2456036.9
2011OA60,K11O60A,4.0812e+01,1.4059e-01,4.0254e-01,2.2593e+00,2.4669e+00,-1.166,0.107,35.414,2456593.7
2011OB60,K11O60B,1.0091e+02,6.3635e-01,3.3950e-01,2.4907e+00,3.9458e+00,-0.391,-0.097,38.636,2456571.8
2011UH411,K11Uf1H,4.6140e+01,2.3857e-01,4.7195e-01,3.7360e+00,3.4618e+00,0.552,0.008,35.519,2456332.7
2011UR411,K11Uf1R,6.1841e+01,4.3340e-01,4.6394e-01,4.0778e-01,7.8624e-01,0.687,0.142,36.243,2457334.8
2011UU411,K11Uf1U,4.3941e+01,3.0893e-02,2.9566e-02,6.2308e+00,1.7219e+00,0.574,0.018,43.263,2456340.8
2011UV411,K11Uf1V,4.3363e+01,6.6840e-02,7.7126e-02,3.5210e-01,5.6387e+00,0.573,0.019,41.426,2456326.7
2011UW411,K11Uf1W,4.3839e+01,1.6547e-01,7.9046e-02,3.2261e-01,1.6521e+00,0.577,0.021,41.301,2456326.7
2011UX411,K11Uf1X,4.2433e+01,9.8398e-02,1.2584e-01,4.2172e-01,5.5103e+00,0.577,0.023,39.759,2456306.9
2011UY411,K11Uf1Y,4.4218e+01,6.4180e-02,3.3283e-02,5.4006e+00,2.6898e+00,0.556,0.033,43.108,2456329.8
2011UZ411,K11Uf1Z,4.5535e+01,5.3151e-02,2.1188e-02,5.5040e+00,6.1465e+00,0.560,0.020,45.230,2456332.7
2011UA412,K11Uf2A,4.6250e+01,1.4764e-01,5.1592e-02,4.4081e+00,2.5556e+00,0.530,0.036,39.481,2456221.9
2011UB412,K11Uf2B,4.3511e+01,5.9946e-02,2.6726e-01,2.5333e-01,4.3459e+00,0.580,0.091,45.115,2457334.7
2011UC412,K11Uf2C,4.3408e+01,7.0503e-02,5.4664e-02,5.8900e+00,5.7297e-01,0.552,0.044,40.553,2456340.8
2011UD412,K11Uf2D,4.5419e+01,5.3528e-02,9.5923e-02,6.2544e+00,1.7626e+00,0.600,0.057,44.302,2456566.1
2011UE412,K11Uf2E,4.3496e+01,1.1188e-01,3.9792e-01,3.8069e+00,9.7407e-02,0.577,0.028,48.273,2456326.7
2011UF412,K11Uf2F,4.5070e+01,1.1888e-02,3.7455e-02,5.4798e+00,4.8481e+00,0.601,0.038,45.580,2456221.9
2011UG412,K11Uf2G,4.6451e+01,1.5503e-01,4.3563e-02,5.3052e+00,4.3464e-01,0.582,0.043,42.623,2456326.8
2011UH412,K11Uf2H,4.2603e+01,1.1642e-01,2.6386e-01,3.7554e-01,1.6476e+00,0.591,0.063,41.212,2456326.8
2011UJ412,K11Uf2J,4.2031e+01,2.9441e-02,5.1936e-01,4.7178e-01,2.5821e+00,0.561,0.063,42.971,2456326.8
2011UK412,K11Uf2K,4.0738e+01,9.2028e-02,4.6014e-01,3.8209e+00,2.6464e+00,0.520,0.066,37.173,2456332.7
2011UL412,K11Uf2L,4.3028e+01,8.3076e-02,1.8101e-01,4.1793e+00,1.0496e+00,0.561,0.080,42.948,2456329.8
2011UM412,K11Uf2M,4.5383e+01,1.3193e-01,1.8726e-01,4.0438e+00,2.1653e+00,0.588,0.054,40.448,2456326.8
2011UN412,K11Uf2N,3.8960e+01,5.7848e-02,3.5624e-01,3.7759e+00,5.6831e+00,0.502,0.040,40.926,2456329.8
2011UO412,K11Uf2O,3.8039e+01,1.2877e-01,4.8498e-01,3.6875e-01,4.7670e+00,0.513,0.088,38.077,2456326.8
2011UP412,K11Uf2P,5.6343e+01,3.4426e-01,3.4420e-01,4.0284e-01,4.6136e-01,0.549,0.060,37.318,2456329.8
2011UR412,K11Uf2R,5.0075e+01,3.1410e-01,3.1194e-01,2.6669e-01,9.4640e-01,0.559,0.100,35.907,2456329.8
2011US412,K11Uf2S,4.7879e+01,1.6082e-01,4.5483e-02,8.8924e-02,2.0312e+00,0.555,0.021,46.446,2456332.7
2011UW412,K11Uf2W,7.8175e+01,5.2149e-01,2.2647e-01,4.0697e+00,2.3405e+00,0.551,0.079,38.670,2456329.8
2011UJ413,K11Uf3J,7.4070e+01,5.1116e-01,3.0315e-01,2.5565e+00,4.6346e+00,1.284,-0.298,37.034,2456270.9
2011XJ4,K11X04J,4.5597e+01,1.9201e-01,1.9527e-01,5.8514e+00,3.3228e+00,3.034,-0.066,36.912,2456740.9
2011YN79,K11Y79N,7.3544e+01,4.6423e-01,4.5270e-01,1.6906e+00,7.8289e-01,2.174,0.233,39.757,2456718.8
2012BV154,K12BF4V,4.6856e+01,1.9696e-01,2.1351e-01,3.0832e+00,5.8984e+00,2.918,-0.037,37.770,2456722.0
2012BW154,K12BF4W,4.3992e+01,1.9737e-01,1.3731e-01,1.1625e+00,2.7799e+00,2.636,0.140,40.208,2455974.1
2012BX154,K12BF4X,7.3524e+01,4.9374e-01,1.7706e-01,5.9518e+00,2.2577e+00,2.772,0.007,41.866,2456714.9
2012BZ154,K12BF4Z,7.6877e+01,5.3084e-01,4.6045e-01,5.0470e+00,3.0418e+00,2.000,-0.051,36.348,2456683.8
2012BA155,K12BF5A,5.4989e+01,3.6895e-01,2.5100e-01,3.9876e+00,5.9438e+00,2.571,-0.254,40.449,2456712.9
2012CS57,K12C57S,4.3306e+01,3.3152e-02,2.9713e-01,2.6281e+00,1.2977e+00,2.420,-0.059,43.155,2456740.8
2012DW98,K12D98W,4.1103e+01,3.3624e-02,3.3212e-01,3.6602e+00,6.2124e+00,-2.807,-0.066,39.732,2457111.0
2012DY98,K12D98Y,7.0319e+01,5.0049e-01,3.2634e-01,2.7354e-01,2.8024e+00,-3.110,0.083,35.166,2457106.0
2012DZ98,K12D98Z,4.2759e+01,2.4341e-02,4.8241e-02,1.1674e+00,3.7219e+00,-3.021,0.043,42.805,2456715.1
2012DA99,K12D99A,4.2850e+01,3.4452e-02,5.6531e-02,9.8686e-01,2.4760e+00,-2.942,0.041,41.386,2456715.0
2012EE18,K12E18E,6.8453e+01,4.4312e-01,2.8451e-01,4.2507e+00,5.9321e+00,-2.690,-0.182,38.757,2456757.9
2012FH84,K12F84H,5.6169e+01,2.5256e-01,6.3460e-02,3.7177e-01,1.3415e-01,-3.070,0.019,68.178,2456363.8
2012FK84,K12F84K,4.6483e+01,1.6364e-01,2.8749e-01,2.3474e+00,1.4377e+00,-2.527,0.290,38.879,2456753.0
2012FL84,K12F84L,1.0397e+02,6.2902e-01,4.5375e-01,9.2501e-01,2.4699e+00,-2.567,0.168,39.206,2456415.9
2012HG84,K12H84G,4.3019e+01,8.7420e-02,1.8989e-01,4.6492e+00,4.3783e-01,-2.117,-0.089,40.530,2457195.9
2012HZ84,K12H84Z,4.6094e+01,2.0095e-01,9.5138e-02,4.4878e+00,1.5516e+00,-1.425,0.037,40.934,2456539.5
2012HE85,K12H85E,4.4556e+01,1.0041e-01,5.2796e-02,4.1049e+00,9.9986e-01,-1.350,0.039,40.141,2457187.1
2012HK85,K12H85K,5.7624e+01,3.3681e-01,8.4020e-02,1.3238e+00,3.0401e+00,-2.509,0.055,39.978,2456753.1
2012HL85,K12H85L,4.0521e+01,1.8904e-02,2.8901e-01,8.3175e-01,5.4570e+00,-2.465,0.048,41.120,2456770.9
2012KU50,K12K50U,4.0996e+01,2.4730e-01,3.2898e-01,1.1653e+00,2.2120e+00,-2.439,0.145,31.544,2457205.8
2012SB67,K12S67B,4.7044e+01,1.4029e-01,3.1288e-01,3.7464e+00,2.6483e+00,0.171,0.127,40.454,2456682.7
2012TE324,K12TW4E,4.6118e+01,1.2023e-01,9.6813e-02,2.6526e+00,5.2940e+00,0.513,-0.084,43.257,2456621.8
2012TF324,K12TW4F,4.3362e+01,1.1005e-01,1.3760e-01,5.5590e+00,1.6195e+00,0.342,0.124,39.126,2456622.7
2012UK177,K12UH7K,9.2322e+01,6.1726e-01,4.3375e-01,4.3892e+00,2.8356e+00,0.557,0.275,36.470,2456337.7
2012UL177,K12UH7L,4.0666e+01,1.1662e-01,3.3573e-01,4.7502e+00,2.5765e+00,0.542,0.289,36.390,2456340.8
2012UM177,K12UH7M,4.3549e+01,5.8272e-02,2.8234e-01,5.0220e+00,9.9318e-01,0.542,0.271,41.746,2456337.7
2012UN177,K12UH7N,4.3172e+01,1.5840e-01,3.5071e-01,5.9566e+00,1.2337e+00,0.563,0.279,36.541,2456340.7
2012UO177,K12UH7O,4.1562e+01,3.5094e-02,2.8704e-01,5.0607e+00,5.8647e+00,0.574,0.276,42.420,2456337.7
2012UP177,K12UH7P,4.2823e+01,9.8641e-02,2.8974e-01,4.8899e+00,1.0450e+00,0.569,0.264,40.032,2456337.8
2012UQ177,K12UH7Q,5.1967e+01,3.1242e-01,3.4212e-01,5.7623e+00,2.0962e+00,0.650,0.325,39.277,2457334.7
2012UR177,K12UH7R,7.3787e+01,4.9158e-01,2.8541e-01,5.0876e+00,2.7604e+00,0.575,0.276,43.884,2456337.7
2012US177,K12UH7S,5.6089e+01,3.6652e-01,3.0044e-01,4.7435e+00,1.6146e+00,0.590,0.250,36.836,2456340.8
2012UT177,K12UH7T,4.7486e+01,1.2719e-01,2.8559e-01,5.5937e+00,4.9187e+00,0.600,0.274,52.729,2456339.7
2012UB178,K12UH8B,4.2681e+01,1.1242e-01,1.5619e-01,3.1483e+00,1.4795e+00,0.973,-0.132,46.743,2456622.9
2012UE178,K12UH8E,4.3744e+01,4.9818e-02,7.2990e-02,1.5711e+00,2.2008e+00,1.129,-0.032,45.634,2456622.9
2012VS113,K12VB3S,5.5082e+01,3.0944e-01,4.6749e-01,2.9950e+00,3.8417e+00,0.638,-0.335,38.095,2456878.9
2012VV113,K12VB3V,4.6087e+01,1.1579e-01,2.7348e-01,2.0252e+00,5.1477e+00,0.665,-0.270,40.845,2457385.6
2013AQ183,K13AI3Q,4.6466e+01,1.6197e-01,4.5134e-02,3.3156e+00,5.3788e+00,2.333,-0.038,38.950,2456740.8
2013AS183,K13AI3S,6.1205e+01,4.0663e-01,3.7868e-01,2.3633e+00,5.6065e+00,2.350,-0.007,38.647,2456681.9
2013AT183,K13AI3T,6.1922e+01,4.2269e-01,4.8920e-01,5.3156e+00,1.2019e+00,2.204,-0.021,61.244,2456714.9
2013EC138,K13ED8C,4.7422e+01,1.3630e-01,1.4675e-01,5.4269e+00,3.6920e+00,2.252,0.001,41.724,2457122.8
2013EM149,K13EE9M,4.5258e+01,5.7285e-02,4.5954e-02,2.9549e+00,2.6801e-01,-2.506,0.034,43.044,2456856.8
2013EJ154,K13EF4J,4.4024e+01,1.1596e-01,1.7073e-01,5.0672e+00,1.6676e+00,3.112,-0.162,48.427,2456740.9
2013FY27,K13F27Y,5.8706e+01,3.9341e-01,5.7788e-01,3.2649e+00,2.4450e+00,2.883,-0.244,80.273,2457423.0
2013FA28,K13F28A,4.4188e+01,4.1821e-02,2.6826e-02,5.2601e+00,3.6456e-01,-2.727,-0.027,45.026,2457098.0
2013FB28,K13F28B,4.5827e+01,6.3239e-02,2.7306e-01,5.5978e+00,2.9797e+00,3.098,-0.169,43.756,2457460.8
2013FG28,K13F28G,5.4370e+01,3.3944e-01,3.6741e-01,5.7495e+00,4.1803e+00,3.096,-0.185,37.136,2457478.6
2013FH28,K13F28H,4.3273e+01,1.4120e-01,2.2829e-01,5.6345e+00,5.1549e+00,3.064,-0.128,41.588,2457097.8
2013FQ28,K13F28Q,6.2693e+01,2.7443e-01,4.4991e-01,3.7499e+00,3.9921e+00,-2.712,-0.086,67.184,2457132.8
2013GO136,K13GD6O,3.8770e+01,6.0835e-02,4.2371e-01,6.8309e-01,2.5853e+00,-2.451,-0.008,36.753,2456802.9
2013GP136,K13GD6P,1.4985e+02,7.2601e-01,5.8537e-01,3.6779e+00,7.4169e-01,-2.502,0.054,44.833,2457049.1
2013GT136,K13GD6T,4.2370e+01,1.5403e-01,2.1139e-01,7.1307e-01,6.2196e+00,-2.525,0.025,48.882,2457049.2
2013GU136,K13GD6U,4.4134e+01,1.6848e-01,1.4518e-01,8.5818e-01,2.1900e+00,-2.553,0.035,38.008,2456856.8
2013GV136,K13GD6V,4.1099e+01,3.5113e-02,1.3006e-01,3.7707e+00,5.0390e+00,-2.432,0.007,40.669,2457049.1
2013GZ136,K13GD6Z,8.6715e+01,6.0919e-01,3.2050e-01,3.7337e+00,6.3769e-01,-2.487,0.012,36.295,2457049.1
2013GC137,K13GD7C,4.3229e+01,2.7848e-02,4.0282e-02,7.1037e-01,9.6386e-01,-2.449,0.002,43.851,2457049.1
2013GM137,K13GD7M,4.4106e+01,7.6277e-02,3.9202e-01,5.6666e-01,1.7904e+00,-2.486,-0.030,43.384,2457460.9
2013GN137,K13GD7N,4.4092e+01,6.4931e-02,4.8189e-02,1.2636e+00,1.8002e+00,-2.504,0.029,41.826,2457460.9
2013GO137,K13GD7O,4.1425e+01,9.1774e-02,5.1054e-01,6.1783e-01,5.0758e+00,-2.522,0.012,42.554,2457049.2
2013GP137,K13GD7P,4.3713e+01,2.5181e-02,3.0508e-02,2.4703e+00,3.4869e+00,-2.478,0.030,44.313,2457460.9
2013GQ137,K13GD7Q,4.5685e+01,1.3117e-01,4.9690e-02,1.5790e+00,1.2174e+00,-2.454,0.040,41.993,2457461.0
2013GR137,K13GD7R,4.2629e+01,4.4424e-02,7.3758e-02,8.9633e-01,4.0807e+00,-2.510,0.019,41.857,2456805.9
2013GS137,K13GD7S,4.3864e+01,9.9738e-02,4.5291e-02,1.6733e+00,2.1091e+00,-2.510,0.040,39.489,2456805.9
2013GT137,K13GD7T,4.4597e+01,1.0633e-01,4.0038e-02,4.4103e-01,1.8950e+00,-2.421,-0.010,43.808,2457461.0
2013GU137,K13GD7U,4.4837e+01,7.4262e-02,8.6795e-02,6.2371e-01,3.6994e+00,-2.495,-0.004,41.877,2456856.8
2013GV137,K13GD7V,4.3796e+01,8.3305e-02,5.5798e-02,1.2180e+00,5.0639e+00,-2.512,0.030,46.578,2456856.8
2013GW137,K13GD7W,4.2861e+01,6.2522e-02,8.7563e-02,8.0819e-01,3.3163e+00,-2.489,0.016,40.330,2457049.1
2013GX137,K13GD7X,4.3294e+01,5.9092e-02,7.2047e-02,8.9223e-01,4.2084e+00,-2.490,0.019,42.547,2457049.1
2013GY137,K13GD7Y,4.4884e+01,1.0100e-01,9.2660e-02,6.9686e-01,3.7275e+00,-2.494,0.007,41.141,2457049.1
2013GZ137,K13GD7Z,4.1440e+01,4.7337e-02,3.6856e-01,3.7024e+00,5.0350e+00,-2.486,0.042,40.945,2456805.9
2013GA138,K13GD8A,4.3800e+01,4.5781e-02,6.8068e-02,1.1067e+00,3.2613e+00,-2.429,0.028,42.055,2457049.1
2013GB138,K13GD8B,4.2975e+01,4.9939e-02,4.8642e-02,3.1863e+00,3.2931e+00,-2.433,0.029,44.842,2457049.1
2013GC138,K13GD8C,4.2895e+01,5.0547e-02,5.2744e-02,1.4546e+00,4.4461e+00,-2.485,0.037,43.874,2456834.8
2013GD138,K13GD8D,4.3931e+01,1.1356e-01,9.4597e-02,9.9503e-01,2.5585e+00,-2.416,0.027,39.105,2457049.1
2013GE138,K13GD8E,4.4166e+01,5.3363e-02,5.3564e-02,5.5070e-01,9.9185e-01,-2.455,-0.008,45.654,2456802.9
2013GF138,K13GD8F,4.4045e+01,1.8725e-02,9.6168e-03,3.0680e+00,5.3343e+00,-2.466,0.007,44.153,2456856.8
2013GG138,K13GD8G,4.7459e+01,2.8040e-02,4.2949e-01,3.7559e+00,2.4562e+00,-2.427,0.037,48.393,2457049.1
2013HS156,K13HF6S,4.5649e+01,1.7552e-01,1.4418e-01,7.2483e-01,3.6412e+00,-2.471,0.005,38.432,2456834.8
2013HT156,K13HF6T,4.4027e+01,1.5283e-02,6.4176e-02,9.5119e-01,5.5560e+00,-2.432,0.017,44.627,2457049.1
2013HV156,K13HF6V,4.7359e+01,1.7637e-01,3.1650e-01,2.9432e+00,3.2113e+00,-2.004,0.314,48.234,2457210.8
2013HY156,K13HF6Y,4.0853e+01,6.2989e-02,3.7350e-01,1.5047e+00,2.7241e+00,-2.365,0.265,38.426,2456752.0
2013HZ156,K13HF6Z,4.0939e+01,1.1000e-01,3.5491e-01,2.7774e+00,4.5138e-01,-2.374,0.330,37.288,2456756.0
2013JV63,K13J63V,4.6725e+01,2.2533e-01,1.4345e-01,6.1184e+00,2.7773e+00,-2.073,-0.138,44.659,2457165.7
2013JD64,K13J64D,7.2264e+01,4.1049e-01,8.7822e-01,1.1787e+00,3.1050e+00,-2.037,0.108,42.663,2457131.1
2013JG64,K13J64G,4.1725e+01,1.0877e-01,3.1779e-01,3.6294e+00,3.2169e+00,-2.099,0.168,45.626,2457104.1
2013JL64,K13J64L,5.6768e+01,3.6684e-01,4.8297e-01,1.2807e+00,1.8159e+00,-2.048,0.109,42.027,2457104.1
2013JO64,K13J64O,1.4331e+02,7.5484e-01,1.4975e-01,3.2325e+00,7.0988e-01,-2.125,0.121,35.447,2456392.0
2013JP64,K13J64P,5.7384e+01,4.3594e-01,2.3913e-01,3.6064e+00,1.3981e+00,-2.006,0.147,35.156,2457104.1
2013JR64,K13J64R,7.7568e+01,5.4061e-01,1.8254e-01,1.9124e+00,2.4624e+00,-1.974,0.129,35.696,2457104.1
2013JS64,K13J64S,4.2527e+01,4.8679e-02,1.6813e-01,3.3523e+00,1.2425e+00,-2.116,0.125,40.625,2456784.0
2013JU64,K13J64U,4.0179e+01,7.0205e-02,4.6442e-01,1.3056e+00,2.9142e+00,-2.124,0.136,37.365,2456839.9
2013JV64,K13J64V,7.3173e+01,5.7636e-01,5.4782e-01,3.9221e+00,1.9906e+00,-2.124,0.153,52.671,2456856.8
2013JM65,K13J65M,4.6787e+01,1.2443e-01,1.9558e-01,1.6082e+00,5.3638e+00,-2.139,0.114,52.263,2456800.0
2013JN65,K13J65N,4.0674e+01,1.2157e-02,3.4280e-01,1.3948e+00,5.7410e+00,-2.142,0.139,41.164,2456802.0
2013JO65,K13J65O,4.2424e+01,8.1431e-02,1.7380e-01,3.0565e+00,2.0402e+00,-2.094,0.158,40.170,2457104.1
2013JP65,K13J65P,4.1278e+01,6.3908e-02,2.1761e-01,3.3523e+00,5.8396e+00,-2.091,0.162,40.356,2457104.1
2013JQ65,K13J65Q,4.4258e+01,1.2211e-01,1.4683e-01,2.2944e+00,9.1825e-01,-2.046,0.140,40.896,2457104.1
2013JR65,K13J65R,4.6196e+01,1.8929e-01,2.0433e-01,1.7142e+00,3.2169e+00,-2.038,0.123,38.955,2457131.1
2013JS65,K13J65S,4.0581e+01,2.2222e-02,2.3962e-01,3.5186e+00,5.0250e-01,-2.038,0.163,39.702,2456782.0
2013JT65,K13J65T,4.6625e+01,1.9813e-01,1.4963e-01,2.9722e+00,6.2577e+00,-1.991,0.146,42.749,2457104.1
2013JV65,K13J65V,4.2688e+01,3.5186e-02,5.6077e-02,6.2547e+00,4.8769e+00,-2.264,-0.045,41.631,2457184.8
2013LU35,K13L35U,4.4546e+01,6.7335e-02,5.2168e-02,2.7510e+00,3.7208e+00,-1.431,0.045,44.430,2456542.8
2013LY35,K13L35Y,4.2661e+01,5.5841e-02,1.5217e-01,5.1417e+00,3.1959e-01,-2.027,-0.119,41.678,2456473.9
2013MA12,K13M12A,4.1481e+01,6.6457e-02,4.0821e-01,2.0078e+00,5.5493e+00,-0.884,-0.115,42.777,2456918.8
2013NM24,K13N24M,4.4988e+01,1.6368e-01,5.3728e-01,5.8512e+00,1.4765e+00,-0.672,-0.140,45.079,2456533.9
2013PW74,K13P74W,3.8067e+01,1.1900e-01,4.5014e-01,6.1704e+00,5.0845e+00,-0.340,-0.104,35.142,2456571.8
2013QO95,K13Q95O,3.9971e+01,3.2478e-02,3.5959e-01,1.4505e+00,5.4585e+00,0.564,-0.285,38.677,2457361.7
2013QP95,K13Q95P,4.0631e+01,1.6881e-01,4.4403e-01,1.2461e+00,3.2693e-01,0.522,-0.296,36.529,2457044.6
2013SA87,K13S87A,4.1685e+01,7.0669e-02,7.1194e-01,3.6230e+00,2.4880e+00,0.180,0.244,38.841,2457336.3
2013TH159,K13TF9H,4.0948e+01,9.4988e-02,5.8652e-01,1.0895e+00,4.0866e+00,0.580,-0.310,40.787,2457001.6
2013TM159,K13TF9M,4.6471e+01,1.6795e-01,1.6656e-01,1.8842e+00,5.1370e+00,0.428,-0.168,38.909,2456621.8
2013UJ15,K13U15J,5.2725e+01,3.0167e-01,5.7676e-01,2.9625e+00,9.1930e-01,0.136,-0.205,64.637,2456955.6
2013UK15,K13U15K,4.7358e+01,1.6767e-01,2.0426e-01,2.0864e+00,9.6302e-01,0.139,-0.194,54.968,2456953.6
2013VD24,K13V24D,5.4509e+01,2.4755e-01,3.3074e-01,1.8424e+00,3.4283e+00,0.570,-0.314,51.362,2456692.6
2013XB26,K13X26B,4.5683e+01,8.8390e-03,6.2553e-02,5.0998e+00,4.5952e+00,2.988,-0.055,45.313,2457105.0
2013XD26,K13X26D,4.0444e+01,1.0827e-01,5.2674e-01,6.1399e+00,3.2671e+00,2.991,0.001,36.093,2456740.9
2014AM55,K14A55M,4.7122e+01,1.3925e-01,1.2517e-01,2.3008e+00,1.9599e+00,2.334,0.003,48.603,2457040.1
2014AN55,K14A55N,5.6146e+01,3.8674e-01,1.6423e-01,4.9531e+00,5.3595e+00,2.434,-0.098,47.728,2457182.8
2014BV64,K14B64V,4.5772e+01,1.4443e-01,2.6929e-01,4.8729e+00,6.0621e+00,2.591,-0.212,47.893,2457100.9
2014BW64,K14B64W,4.5848e+01,3.4045e-01,2.7395e-01,5.5872e+00,1.7859e+00,2.342,0.028,36.633,2457065.9
2014BX64,K14B64X,4.1869e+01,4.7704e-02,1.9459e-01,5.6389e+00,1.3667e+00,2.352,0.030,41.876,2457044.9
2014CO23,K14C23O,4.3869e+01,1.7527e-01,1.3842e-01,3.5528e-01,8.6614e-01,3.065,0.057,44.714,2457137.8
2014CP23,K14C23P,5.2289e+01,2.7075e-01,4.9709e-01,2.5453e+00,3.7359e-01,2.675,0.077,38.321,2457096.8
2014DD143,K14DE3D,4.3822e+01,1.8082e-02,3.3650e-02,3.4767e+00,5.6365e+00,3.007,-0.016,43.040,2457044.1
2014DE143,K14DE3E,4.3231e+01,1.4851e-02,1.1310e-01,2.8648e+00,2.9586e+00,3.058,0.021,43.829,2457070.0
2014DF143,K14DE3F,4.2651e+01,4.8733e-02,4.1406e-01,6.2111e-01,1.1999e+00,-2.764,0.101,42.805,2457166.8
2014DJ143,K14DE3J,3.7911e+01,1.7953e-02,1.2118e-01,1.7406e+00,1.7401e+00,-2.279,0.092,37.326,2456864.8
2014DL143,K14DE3L,4.6910e+01,2.1789e-01,1.6352e-01,3.2961e-01,3.6484e+00,-3.066,0.038,38.499,2457163.8
2014DM143,K14DE3M,4.4849e+01,9.0323e-02,1.8766e-01,1.1752e+00,4.7233e+00,-2.939,0.156,48.079,2457163.8
2014DN143,K14DE3N,4.7116e+01,6.7978e-02,1.1828e-01,5.2993e+00,5.5819e+00,3.030,-0.092,46.897,2457079.0
2014EZ51,K14E51Z,5.2113e+01,2.2771e-01,1.7928e-01,4.8110e-01,5.7863e+00,-2.162,-0.089,56.193,2457195.9
2014EA52,K14E52A,4.1376e+01,9.8065e-02,3.3128e-01,2.4538e+00,1.5887e+00,-2.804,0.294,37.759,2457179.9
2014FP43,K14F43P,4.5599e+01,1.7099e-01,4.8791e-01,9.7669e-02,2.2559e+00,3.101,0.066,39.332,2456773.9
2014FX61,K14F61X,4.2942e+01,1.4438e-01,3.7573e-01,3.3048e+00,7.6952e-01,-2.934,0.025,37.876,2457521.0
2014FC69,K14F69C,7.2289e+01,4.4352e-01,5.2480e-01,4.3666e+00,3.3045e+00,-2.478,-0.304,83.876,2457043.8
2014FL70,K14F70L,5.4225e+01,3.9032e-01,1.5537e-01,4.4969e+00,4.7016e-01,2.741,-0.155,59.926,2457130.6
2014FV71,K14F71V,5.4937e+01,3.0512e-01,4.7251e-01,3.5294e+00,6.6815e-01,3.047,-0.235,44.777,2457479.6
2014FY71,K14F71Y,4.3425e+01,2.0514e-01,3.2386e-01,4.2208e+00,4.2397e+00,-2.889,-0.249,38.638,2457478.9
2014FZ71,K14F71Z,7.5536e+01,2.5952e-01,4.4441e-01,5.3389e+00,4.2566e+00,2.915,-0.309,56.625,2457456.7
2014FC72,K14F72C,7.5515e+01,3.1613e-01,5.2130e-01,3.1067e+00,5.8252e-01,-2.827,0.199,51.848,2457128.0
2014FG72,K14F72G,4.6420e+01,2.1659e-01,6.0957e-01,3.3680e+00,2.9228e+00,2.857,-0.326,55.456,2457132.6
2014FJ72,K14F72J,9.4261e+01,5.9241e-01,2.6827e-01,5.2824e+00,2.3161e+00,3.100,-0.219,70.125,2457365.8
2014GT53,K14G53T,4.6230e+01,1.0021e-01,2.1193e-01,5.8987e-01,4.9623e+00,-2.344,-0.046,45.917,2457161.9
2014GU53,K14G53U,4.3470e+01,1.7013e-01,4.1003e-01,3.1161e+00,2.0527e+00,-2.197,0.355,38.828,2457180.0
2014GV53,K14G53V,5.0471e+01,2.7896e-01,3.1088e-01,2.5897e+00,2.0773e+00,-2.059,0.316,37.120,2457209.8
2014GW53,K14G53W,4.1248e+01,8.2686e-02,3.8254e-01,9.5703e-01,4.1837e+00,-2.549,0.135,40.425,2457205.8
2014GZ53,K14G53Z,4.3891e+01,3.5993e-02,1.0357e-01,1.4749e+00,2.2894e+00,-2.511,0.079,42.311,2457138.0
2014GD54,K14G54D,8.8896e+01,6.1042e-01,8.2938e-02,4.4200e+00,5.2807e+00,-2.831,-0.071,34.636,2457103.0
2014GH54,K14G54H,5.9503e+01,3.7554e-01,4.7147e-01,5.5467e-01,3.4918e+00,-2.483,-0.065,37.381,2457192.8
2014GL54,K14G54L,5.7583e+01,3.6010e-01,5.2074e-01,1.8364e+00,2.2893e+00,-2.193,0.417,36.879,2457215.8
2014HU199,K14HJ9U,4.3153e+01,7.0010e-02,1.4893e-01,2.0626e+00,2.3914e+00,-2.823,0.150,41.370,2457107.0
2014HV199,K14HJ9V,3.7843e+01,1.8843e-02,4.2659e-01,1.5343e+00,5.4247e+00,-2.288,0.278,38.547,2457192.9
2014HW199,K14HJ9W,4.6227e+01,1.7805e-01,2.7018e-01,3.8877e+00,5.9286e+00,-2.156,0.071,39.091,2457196.9
2014HZ199,K14HJ9Z,4.3127e+01,1.5567e-01,4.8653e-01,9.9609e-01,1.4643e+00,-2.447,0.147,40.772,2457205.8
2014HE200,K14HK0E,5.2384e+01,3.5186e-01,1.6415e-01,4.0383e+00,6.3464e-01,-2.445,-0.034,37.165,2457138.0
2014HF200,K14HK0F,6.0849e+01,4.1733e-01,1.6959e-01,3.7560e-01,4.4292e+00,-2.199,-0.096,38.055,2456839.9
2014JH80,K14J80H,4.3404e+01,2.1787e-01,8.2783e-01,5.3429e+00,4.8969e-01,-0.856,0.074,34.413,2457200.0
2014JJ80,K14J80J,4.2946e+01,2.7246e-01,3.2631e-01,4.5654e+00,1.7179e+00,-0.693,0.290,32.756,2457613.9
2014JM80,K14J80M,6.2306e+01,2.6268e-01,3.5757e-01,3.1845e+00,1.6920e+00,-2.049,0.320,47.768,2457162.0
2014JN80,K14J80N,4.1422e+01,1.0821e-01,3.0971e-01,2.4197e+00,2.7498e+00,-1.955,0.292,38.152,2456888.8
2014JU80,K14J80U,5.3304e+01,3.2633e-01,2.0071e-01,2.7594e+00,5.9580e-01,-1.826,0.203,41.628,2457217.9
2014KS101,K14KA1S,3.8474e+01,2.6493e-02,4.2090e-01,3.7958e+00,1.0364e+00,-1.870,0.264,37.517,2457209.8
2014KW101,K14KA1W,4.0709e+01,8.2232e-02,3.3720e-01,3.4952e+00,9.0445e-01,-0.931,0.333,38.542,2457219.0
2014KZ101,K14KA1Z,1.2202e+02,7.2428e-01,3.2559e-01,2.8118e+00,1.4297e+00,-1.932,0.334,33.761,2457210.8
2014KA102,K14KA2A,1.0550e+02,6.5597e-01,4.6700e-01,2.9344e+00,1.0524e-01,-2.651,0.325,39.612,2457161.0
2014LO28,K14L28O,4.2933e+01,1.1849e-01,4.4672e-01,5.0128e+00,1.8743e+00,-0.620,0.283,40.541,2457216.0
2014LP28,K14L28P,4.1049e+01,4.6593e-02,2.8061e-01,3.0976e+00,2.3447e+00,-0.603,0.158,39.175,2457232.0
2014LR28,K14L28R,4.3950e+01,5.5157e-02,2.5587e-02,2.5612e+00,3.3627e-01,-0.739,0.004,46.068,2456919.8
2014LS28,K14L28S,4.3271e+01,6.4410e-02,6.6794e-02,2.0252e+00,3.2842e+00,-2.271,0.062,42.316,2456829.9
2014LT28,K14L28T,4.4200e+01,6.7527e-02,1.7520e-01,1.1137e+00,3.4620e+00,-1.126,-0.142,41.666,2456869.9
2014LU28,K14L28U,5.4977e+01,3.5593e-01,5.6334e-01,1.8224e+00,2.1180e+00,-1.896,0.332,36.102,2457210.8
2014LV28,K14L28V,6.8859e+01,5.0259e-01,1.8670e-01,5.5278e+00,4.7628e-01,-1.001,-0.048,37.452,2457218.0
2014MY69,K14M69Y,4.0385e+01,5.3502e-02,3.0425e-01,1.8204e-02,3.4970e+00,-0.443,-0.145,41.744,2457228.0
2014MZ69,K14M69Z,4.6007e+01,1.9584e-01,2.2485e-01,3.6364e-01,4.3464e+00,-0.346,-0.153,41.278,2457216.0
2014MA70,K14M70A,4.3503e+01,8.3142e-02,7.4648e-02,3.4938e+00,1.5577e+00,-0.481,0.057,40.698,2457232.0
2014MB70,K14M70B,4.6393e+01,1.1178e-01,1.6155e-01,6.1336e+00,5.5725e+00,-0.470,-0.048,41.553,2456971.7
2014ME70,K14M70E,4.2636e+01,1.5115e-01,1.3629e-01,1.8570e-02,4.7794e+00,-0.982,-0.117,36.808,2456891.9
2014MG70,K14M70G,4.3359e+01,5.3963e-02,2.1253e-01,5.6765e+00,6.7965e-01,-0.742,-0.033,41.721,2457203.1
2014MJ70,K14M70J,1.2233e+02,6.9251e-01,2.7082e-01,1.6755e+00,4.4274e+00,-0.578,-0.215,38.811,2457231.1
2014NY65,K14N65Y,4.0976e+01,1.1108e-01,3.2226e-01,4.4897e+00,2.7897e+00,-0.763,0.287,41.148,2456922.8
2014NZ65,K14N65Z,4.4044e+01,1.7692e-01,5.0253e-01,5.9844e+00,4.7977e+00,-0.426,-0.080,40.875,2457216.0
2014NA66,K14N66A,4.2729e+01,2.1091e-01,2.8095e-01,5.3660e+00,6.2001e+00,-0.661,0.079,34.112,2456919.8
2014NB66,K14N66B,4.5653e+01,7.9239e-02,8.5748e-02,5.2347e+00,3.3826e+00,-0.189,0.065,48.532,2457227.0
2014NC66,K14N66C,4.7369e+01,2.1971e-01,7.6507e-01,2.4230e+00,3.4586e+00,-0.483,-0.212,36.962,2457228.0
2014OZ393,K14Od3Z,4.6218e+01,1.8560e-01,2.9114e-01,3.6869e+00,3.2164e+00,0.927,-0.103,37.899,2457228.1
2014OA394,K14Od4A,4.6575e+01,1.8270e-01,7.6114e-02,6.2084e+00,5.6076e+00,-0.499,-0.033,38.225,2457216.0
2014OB394,K14Od4B,4.6618e+01,2.4877e-01,3.6181e-01,1.4135e-01,1.8057e-01,-0.053,-0.063,35.470,2457009.8
2014OD394,K14Od4D,4.4424e+01,9.1863e-02,1.9624e-01,2.2718e+00,1.4107e+00,0.120,-0.168,48.129,2456984.8
2014OE394,K14Od4E,4.6347e+01,1.1768e-01,6.8557e-02,5.3915e+00,4.5265e+00,-1.211,-0.022,45.020,2457229.9
2014OF394,K14Od4F,4.6776e+01,1.3945e-01,3.8987e-01,6.1879e+00,6.1047e+00,-0.229,-0.045,40.262,2457009.7
2014OG394,K14Od4G,3.8703e+01,5.0047e-02,7.6794e-02,2.2249e+00,2.2707e-02,0.803,-0.076,38.319,2457039.8
2014OH394,K14Od4H,4.5704e+01,1.5573e-01,1.6926e-01,5.0664e+00,1.3063e+00,-1.000,0.036,41.642,2457200.1
2014OJ394,K14Od4J,5.2633e+01,2.2581e-01,6.0647e-01,5.2231e+00,4.7231e+00,-1.227,-0.115,47.720,2457227.9
2014OM394,K14Od4M,4.3983e+01,7.6637e-02,4.1242e-02,7.5372e-01,2.9701e+00,-0.013,-0.029,46.661,2456890.0
2014ON394,K14Od4N,6.2553e+01,4.7970e-01,2.1424e-01,6.0369e+00,5.7353e+00,-0.469,-0.050,33.080,2456890.0
2014OP394,K14Od4P,6.6729e+01,4.5097e-01,3.7661e-01,3.4828e+00,2.0330e+00,0.190,0.055,42.258,2456973.8
2014OQ394,K14Od4Q,6.1974e+01,4.3978e-01,5.1468e-01,3.2571e+00,2.7546e+00,0.182,-0.023,35.724,2457227.1
2014OR394,K14Od4R,1.3897e+02,7.5697e-01,2.2766e-01,3.0840e-02,2.2532e-01,0.030,-0.006,34.231,2457229.0
2014OS394,K14Od4S,1.4938e+02,7.5169e-01,2.4655e-01,3.3915e+00,4.3918e+00,0.772,-0.130,41.144,2457044.8
2014QF433,K14Qh3F,4.6218e+01,1.2999e-01,8.2711e-02,1.4630e+00,2.9430e+00,-0.579,-0.075,43.849,2457225.1
2014QR441,K14Qi1R,6.7943e+01,3.7299e-01,7.3700e-01,1.3602e+00,4.9409e+00,-0.231,-0.735,42.883,2457372.5
2014QS441,K14Qi1S,4.6881e+01,5.4886e-02,6.6062e-01,3.2445e+00,4.2921e+00,0.492,-0.303,44.776,2457374.6
2014QU441,K14Qi1U,4.1272e+01,1.0691e-01,3.3756e-01,1.9750e+00,5.2088e+00,0.526,-0.342,37.096,2457356.6
2014QW441,K14Qi1W,4.4287e+01,1.0273e-01,5.0278e-01,2.8402e+00,3.5585e+00,-0.026,-0.136,39.770,2457208.1
2014QX441,K14Qi1X,3.8469e+01,3.9301e-02,4.5358e-01,7.6655e-01,5.1910e+00,0.105,-0.285,37.070,2456998.8
2014QA442,K14Qi2A,4.3582e+01,2.0392e-01,4.7834e-01,1.9089e+00,5.0665e+00,-0.011,-0.462,35.903,2456988.8
2014QB442,K14Qi2B,6.6322e+01,4.4762e-01,1.2725e-01,1.3142e+00,4.7011e+00,0.426,-0.101,39.420,2457312.7
2014SH349,K14SY9H,4.3211e+01,1.5229e-01,3.0165e-01,3.5360e+00,1.6916e+00,0.833,-0.138,44.583,2457039.8
2014SS349,K14SY9S,1.4310e+02,6.8186e-01,8.4189e-01,2.5167e+00,2.5841e+00,-0.427,-0.235,53.307,2457365.6
2014SV349,K14SY9V,6.1799e+01,4.4360e-01,3.1046e-01,9.8915e-01,4.2202e-01,-0.635,-0.310,62.708,2457164.9
2014SO350,K14SZ0O,7.6871e+01,5.5460e-01,4.1993e-01,2.4627e+00,4.0659e+00,0.450,-0.394,34.662,2457006.7
2014TT85,K14T85T,4.0546e+01,7.6907e-02,3.1133e-01,1.7147e+00,4.6595e+00,0.688,-0.267,37.900,2457394.6
2014TW85,K14T85W,4.2942e+01,1.7504e-02,1.6459e-02,1.8587e+00,4.2487e+00,0.779,-0.014,42.513,2457044.8
2014TX85,K14T85X,4.0581e+01,1.0568e-01,3.8109e-01,3.5156e+00,3.8020e+00,0.733,-0.150,36.399,2457044.8
2014TY85,K14T85Y,4.1027e+01,2.0622e-01,3.3378e-01,7.4026e-01,1.6396e-01,0.830,0.041,32.571,2457034.8
2014TC86,K14T86C,4.4119e+01,6.5556e-02,2.2235e-02,1.1406e+00,3.8053e-01,2.007,0.017,41.523,2457038.9
2014TD86,K14T86D,4.3025e+01,9.2560e-03,2.9583e-02,9.2131e-01,4.9636e+00,1.976,0.026,43.314,2457073.8
2014UF224,K14UM4F,4.5413e+01,1.2815e-01,4.7396e-01,3.0425e+00,5.7704e+00,0.542,-0.306,46.649,2457402.6
2014UP224,K14UM4P,4.0814e+01,8.5084e-02,3.2065e-01,3.1207e+00,6.0845e+00,1.150,-0.304,41.097,2457031.8
2014UQ224,K14UM4Q,4.4447e+01,5.0439e-02,3.3982e-02,2.9227e-01,3.8760e+00,1.193,0.027,46.652,2457004.8
2014US224,K14UM4S,4.7508e+01,1.6548e-01,1.9267e-01,5.5526e+00,3.0543e+00,0.696,0.193,46.493,2457018.8
2014UW224,K14UM4W,5.5908e+01,4.1042e-01,5.1417e-02,4.4879e+00,3.2792e+00,2.052,-0.035,34.689,2457098.9
2014UZ224,K14UM4Z,1.0912e+02,6.4921e-01,4.6749e-01,2.2863e+00,5.1154e-01,2.052,-0.035,34.689,2457098.9
2014VU37,K14V37U,4.0718e+01,4.5035e-02,4.9908e-01,4.3313e+00,5.8970e+00,1.128,0.034,42.453,2456989.0
2014VW37,K14V37W,4.2083e+01,1.3283e-01,8.5146e-01,2.1428e+00,4.4557e+00,0.778,-0.844,36.866,2457401.7
2014WA509,K14Wo9A,4.4046e+01,5.7192e-02,5.2360e-02,2.0976e+00,5.9270e+00,2.752,0.032,42.654,2457191.8
2014WB509,K14Wo9B,4.3439e+01,2.1154e-01,1.7038e-01,6.1966e+00,1.5724e+00,0.606,0.114,36.428,2457002.7
2014WD509,K14Wo9D,4.3790e+01,4.9295e-02,2.3265e-02,3.5167e+00,4.5018e+00,0.888,-0.012,42.271,2457036.9
2014WF509,K14Wo9F,4.5215e+01,9.2353e-02,1.2348e-01,3.0935e+00,3.2074e+00,1.060,-0.108,42.776,2457230.1
2014WG509,K14Wo9G,4.2569e+01,8.1394e-02,3.7347e-01,2.2645e+00,3.1453e+00,1.084,-0.349,43.608,2457041.8
2014WH509,K14Wo9H,4.4145e+01,1.7862e-01,3.1693e-01,1.3336e+00,5.6164e+00,2.075,0.225,41.881,2457105.9
2014WJ509,K14Wo9J,4.2983e+01,1.4212e-01,3.6521e-01,1.7510e+00,1.6513e+00,2.139,0.150,40.204,2457066.8
2014WK509,K14Wo9K,5.1012e+01,2.0832e-01,2.5309e-01,7.1501e-01,2.3431e+00,1.049,0.089,53.239,2457043.8
2014WL509,K14Wo9L,4.1527e+01,1.3657e-01,2.6386e-01,3.2167e+00,8.2275e-01,2.322,-0.208,41.579,2457103.8
2014WO509,K14Wo9O,4.4004e+01,9.2679e-02,6.5520e-02,1.9032e+00,9.0324e-01,2.766,0.051,39.927,2457095.9
2014WP509,K14Wo9P,4.4962e+01,8.9312e-02,1.4556e-01,1.1650e+00,5.8786e+00,1.678,0.075,42.352,2457045.8
2014WS509,K14Wo9S,4.4306e+01,3.6894e-02,4.7770e-02,1.4647e+00,2.0263e-01,1.130,-0.016,42.882,2457004.8
2014WU509,K14Wo9U,4.1544e+01,7.2631e-02,3.4205e-01,3.3712e+00,5.8071e+00,1.372,-0.319,41.050,2457066.8
2014WV509,K14Wo9V,4.6666e+01,1.7522e-01,4.4302e-01,3.5890e+00,3.4524e+00,0.954,-0.238,38.687,2457033.8
2014WW509,K14Wo9W,4.2646e+01,1.3128e-01,3.5585e-01,1.9271e+00,2.9986e+00,1.369,-0.193,47.587,2457039.8
2014WX509,K14Wo9X,4.2702e+01,1.4545e-01,2.0921e-01,5.8244e+00,2.6936e+00,2.503,0.036,36.670,2457096.8
2014WY509,K14Wo9Y,4.4028e+01,1.7294e-01,2.0047e-01,5.2166e+00,5.5112e+00,2.627,-0.111,44.389,2457121.8
2014WZ509,K14Wo9Z,4.0258e+01,9.3458e-02,2.7716e-01,4.3843e+00,1.0809e+00,2.382,-0.259,44.003,2457103.8
2014WA510,K14Wp0A,4.5384e+01,3.0919e-02,3.7629e-02,1.8249e+00,5.8256e+00,2.815,0.032,45.173,2457456.7
2014WH510,K14Wp0H,7.6907e+01,5.7489e-01,3.2502e-01,4.7027e+00,3.7240e+00,2.278,-0.228,32.898,2457101.8
2014WL510,K14Wp0L,6.3491e+01,4.3828e-01,8.1507e-02,3.8387e+00,5.6008e+00,2.375,-0.082,38.974,2457099.8
2014WM510,K14Wp0M,7.8880e+01,5.9390e-01,3.5596e-01,2.1761e-01,1.7524e+00,2.900,0.165,37.450,2457106.0
2014WN510,K14Wp0N,7.7911e+01,5.3059e-01,2.0253e-01,2.2105e+00,1.5843e+00,2.928,0.139,41.348,2457128.9
2014XR40,K14X40R,4.2924e+01,1.4240e-01,4.3356e-01,5.4541e-02,4.9115e+00,3.013,0.090,44.590,2457070.0
2014XS40,K14X40S,4.2475e+01,1.6765e-01,4.8091e-01,3.2566e+00,4.5708e+00,2.265,-0.419,36.511,2457073.9
2014XW40,K14X40W,5.0246e+01,3.1427e-01,2.8805e-01,4.0905e+00,6.1255e+00,2.763,-0.286,40.342,2457101.9
2014YZ49,K14Y49Z,4.0205e+01,1.7392e-02,2.9990e-01,2.2857e+00,8.0069e-01,3.043,0.217,39.506,2457149.8
2014YA50,K14Y50A,4.6432e+01,1.7031e-01,4.1673e-01,7.9168e-01,3.3949e+00,2.963,0.350,42.752,2457146.9
2014YD50,K14Y50D,9.7906e+01,6.5767e-01,1.8230e-01,3.8083e+00,4.7249e+00,2.014,-0.181,33.801,2457099.8
2014YE50,K14Y50E,5.9475e+01,3.7919e-01,4.6871e-01,2.1155e+00,5.0113e+00,2.157,0.030,46.812,2457098.9
2014YK50,K14Y50K,1.1800e+02,6.6969e-01,5.1711e-01,4.8648e-01,2.9533e+00,-3.058,0.215,39.465,2457148.8
2015AJ281,K15AS1J,4.3254e+01,1.2734e-01,4.6794e-01,4.4676e+00,1.3139e-01,2.916,-0.478,43.140,2457106.9
2015AK281,K15AS1K,4.2823e+01,2.1720e-01,2.9538e-01,1.1507e+00,1.3482e+00,2.651,0.300,33.620,2457132.9
2015AN281,K15AS1N,4.1916e+01,1.4146e-01,3.0494e-01,9.2918e-01,3.9659e+00,2.873,0.283,43.732,2457176.8
2015BL518,K15Bp8L,4.5893e+01,2.6272e-01,2.6747e-01,5.4894e+00,4.1790e+00,-3.016,-0.222,33.857,2457160.9
2015BN518,K15Bp8N,4.6355e+01,2.2014e-01,3.9317e-01,5.4496e+00,3.5473e+00,2.015,0.120,37.825,2457050.0
2015BO518,K15Bp8O,4.6523e+01,2.3317e-01,1.3395e-01,5.9486e+00,4.0980e+00,2.608,0.027,40.234,2457069.9
2015BQ518,K15Bp8Q,4.1499e+01,5.2978e-02,2.7965e-01,4.7301e+00,2.2795e+00,2.759,-0.264,42.406,2457074.0
2015BR518,K15Bp8R,4.3905e+01,1.4679e-01,1.7300e-01,1.3771e+00,6.1500e-01,3.007,0.171,39.974,2457212.8
2015BS518,K15Bp8S,4.2685e+01,1.9558e-01,5.0100e-01,3.0049e-01,3.9403e+00,3.014,0.227,38.822,2457107.0
2015BT518,K15Bp8T,4.3568e+01,4.9903e-02,1.4115e-01,1.7735e+00,9.6826e-01,-2.625,0.136,42.194,2457167.8
2015BV518,K15Bp8V,4.4833e+01,3.5377e-02,3.1259e-02,1.7160e+00,4.9538e+00,2.344,0.019,45.376,2457044.9
2015BW518,K15Bp8W,4.5229e+01,1.6623e-01,1.6141e-01,6.2345e-01,2.0599e+00,2.332,0.163,38.013,2457096.8
2015BZ518,K15Bp8Z,4.6923e+01,1.8484e-01,1.9871e-01,7.6775e-01,5.2224e+00,-2.317,-0.014,49.182,2457192.8
2015BG519,K15Bp9G,3.8935e+01,2.8887e-02,5.9992e-01,5.7714e+00,6.1449e+00,2.905,-0.192,39.928,2457102.9
2015BH519,K15Bp9H,5.3746e+01,3.2518e-01,4.8586e-01,1.2732e-01,4.2031e+00,-2.950,-0.038,40.708,2457127.9
2015DW224,K15DM4W,1.0865e+02,6.5659e-01,5.3196e-01,1.2146e+00,2.1877e+00,-2.619,0.362,37.613,2457161.0
2015DA225,K15DM5A,7.3818e+01,5.1869e-01,4.8188e-01,5.3219e+00,3.6226e+00,2.162,-0.001,36.947,2457460.7
2015FG345,K15FY5G,4.2118e+01,1.2677e-01,6.2917e-01,1.0235e+00,3.9109e+00,-2.641,0.364,40.600,2457457.5
2015FJ345,K15FY5J,6.2023e+01,1.6700e-01,6.1181e-01,6.5998e-01,1.3668e+00,-2.841,0.251,58.028,2457457.8
2015FL345,K15FY5L,4.5876e+01,1.2614e-01,9.3567e-02,2.0394e+00,3.0892e+00,-2.668,0.096,44.818,2457132.9
2015FM345,K15FY5M,4.2586e+01,3.1630e-02,2.9899e-01,1.8051e+00,8.4914e-01,-2.475,0.274,42.008,2457195.9
2015FN345,K15FY5N,4.1866e+01,9.3475e-02,4.8810e-01,3.0115e+00,2.0803e+00,-2.196,0.448,39.314,2457212.8
2015FO345,K15FY5O,4.0174e+01,1.3082e-01,3.5147e-01,2.6673e+00,5.6170e-01,-2.525,0.323,35.532,2457136.0
2015FQ345,K15FY5Q,7.1536e+01,5.5751e-01,2.1694e-01,2.6133e+00,1.7964e+00,-2.672,0.189,35.163,2457181.8
2015FS345,K15FY5S,4.6557e+01,1.2445e-01,6.0895e-02,1.7162e+00,1.4253e+00,2.852,0.057,40.948,2457456.8
2015GO50,K15G50O,4.4354e+01,1.4453e-01,2.8576e-01,4.9514e+00,4.0980e+00,-3.019,-0.291,38.551,2457479.8
2015GP50,K15G50P,5.5054e+01,2.7516e-01,4.2277e-01,3.8851e+00,2.2504e+00,-2.852,-0.195,68.095,2457511.6
2015GQ50,K15G50Q,4.6415e+01,1.7781e-01,2.0145e-01,3.4695e-01,5.9111e-01,-2.672,-0.023,53.378,2457456.9
2015GS50,K15G50S,4.7134e+01,2.2870e-01,3.0020e-02,5.6999e+00,7.2106e-01,-2.335,-0.030,54.583,2457456.9
2015KH162,K15KG2H,6.1726e+01,3.3042e-01,5.0370e-01,3.5068e+00,5.1548e+00,-2.170,0.296,59.046,2457424.2
2015OV79,K15O79V,4.0473e+01,7.0885e-02,5.2973e-01,2.0520e+00,5.4480e+00,-0.575,-0.282,40.747,2457231.1
2015PD312,K15PV2D,5.4667e+01,3.6376e-01,4.0273e-01,2.7036e+00,4.2494e+00,0.527,-0.344,34.840,2457304.7
2015QT11,K15Q11T,3.8748e+01,6.5557e-02,4.6413e-01,1.2630e+00,3.0173e-01,0.548,-0.327,37.417,2457311.8
2016FN59,K16F59N,5.8261e+01,3.8662e-01,1.0051e-01,4.0046e+00,4.8731e+00,-3.119,-0.075,37.474,2457509.4
2016FP59,K16F59P,4.6563e+01,1.6106e-01,7.3426e-02,4.7112e+00,2.9569e+00,-3.085,-0.074,47.286,2457513.4
2016FW59,K16F59W,4.3372e+01,6.8772e-02,1.0992e-01,5.0648e+00,5.6411e-01,-3.063,-0.108,45.482,2457478.7
202421,K2421,4.3322e+01,1.4688e-01,4.4883e-01,5.3713e+00,3.8678e+00,0.226,0.420,48.785,2454800.3
468422,k8422,4.3934e+01,2.9022e-02,1.3212e-02,3.7123e+00,1.1413e-01,-2.736,-0.002,42.698,2457218.8
469333,k9333,5.4314e+01,3.4209e-01,3.2138e-01,2.2227e+00,2.5738e+00,-0.544,-0.120,39.983,2457228.0
469361,k9361,4.3161e+01,1.1980e-01,2.9908e-01,3.2841e+00,5.4886e+00,-2.723,0.090,40.347,2457166.8
469438,k9438,4.4011e+01,9.0906e-02,3.8083e-02,1.0321e+00,2.2774e+00,3.018,0.036,40.148,2457104.8
469509,k9509,4.4026e+01,6.6989e-02,1.8169e-02,4.0829e+00,7.9557e-01,-2.583,-0.006,42.689,2457183.8
469514,k9514,4.4384e+01,6.8859e-02,4.2150e-02,1.8271e+00,5.7767e+00,-0.335,-0.035,44.486,2457218.1
469610,k9610,4.3274e+01,2.7653e-02,2.5918e-02,1.3376e+00,3.4230e+00,-2.066,0.007,42.240,2457167.9
469615,k9615,4.0542e+01,5.7537e-02,4.5597e-01,5.6014e+00,3.3872e-01,-0.497,0.085,38.231,2457227.0
469705,k9705,4.4012e+01,8.9770e-02,5.0039e-02,2.0598e+00,1.3348e+00,2.848,0.037,40.516,2457128.9
470027,l0027,4.1911e+01,1.4149e-01,2.9974e-01,5.4166e+00,1.5025e+00,-0.104,0.209,37.183,2457229.0
470308,l0308,3.9427e+01,2.8777e-02,3.1688e-01,1.1273e+00,1.4835e-03,-2.023,-0.003,40.561,2457212.9
470443,l0443,4.5955e+01,6.6927e-02,3.9919e-01,9.3522e-01,4.7810e+00,1.263,0.144,46.688,2457425.6
470596,l0596,4.5115e+01,1.8981e-01,4.0408e-01,4.9763e+00,7.2847e-01,-0.740,0.230,36.601,2457232.0
471137,l1137,6.2178e+01,3.6279e-01,5.3417e-01,3.3087e+00,6.1809e+00,-3.042,-0.028,39.634,2457166.8
471150,l1150,3.8950e+01,5.1761e-02,6.9366e-01,3.0753e-02,5.2552e+00,-3.058,-0.062,39.734,2457165.8
471152,l1152,5.3717e+01,3.7384e-01,2.0420e-01,1.0115e+00,2.2932e+00,-2.589,0.091,34.363,2457167.9
471165,l1165,3.8953e+01,1.8026e-01,2.7435e-01,4.1660e+00,4.9226e+00,-2.108,0.009,36.529,2457222.8
471196,l1196,4.0710e+01,2.0920e-03,2.3820e-01,5.7879e+00,3.8840e+00,-0.838,-0.084,40.749,2457228.9
471210,l1210,5.0614e+01,2.7756e-01,4.8527e-01,2.7581e+00,4.5296e+00,0.903,-0.477,36.594,2456211.9
471288,l1288,4.3652e+01,2.8433e-02,2.2750e-01,4.4882e+00,3.5285e+00,-3.056,-0.219,43.536,2457160.8
471318,l1318,4.1432e+01,1.3322e-01,4.8391e-01,4.1329e+00,4.3922e+00,-2.259,-0.046,41.925,2457222.8
471921,l1921,4.5911e+01,8.0394e-02,2.8454e-01,3.3712e+00,1.7341e+00,3.042,-0.095,47.448,2457105.0
471954,l1954,4.3333e+01,1.3130e-01,4.9019e-01,6.1512e+00,4.4107e+00,-0.075,0.036,44.744,2457306.9
472231,l2231,4.3544e+01,8.0949e-02,5.0719e-02,4.4150e+00,5.7829e+00,-2.596,-0.035,40.098,2457131.8
472232,l2232,4.2998e+01,5.8565e-02,2.4279e-01,4.3202e+00,6.3457e-01,-2.885,-0.199,42.853,2457479.9
472262,l2262,4.6163e+01,2.8224e-01,3.6113e-01,2.5239e+00,4.2428e+00,0.552,-0.336,33.188,2457427.6
472271,l2271,4.3026e+01,1.5490e-01,3.0318e-01,4.1297e+00,4.6799e+00,0.669,0.105,44.162,2457260.9
229762,M9762,7.3493e+01,4.8918e-01,4.0766e-01,2.2895e+00,6.0465e+00,1.000,-0.399,45.171,2455185.7
230965,N0965,4.7087e+01,2.4667e-01,6.6525e-01,5.7361e+00,2.3084e+00,1.543,0.605,35.781,2455222.9
275809,R5809,4.3833e+01,8.3125e-02,2.7000e-02,1.8980e+00,2.1958e+00,-0.765,-0.013,43.074,2454741.5
303712,U3712,4.4165e+01,1.0407e-01,2.3405e-02,5.9190e+00,5.4210e+00,-0.291,0.002,41.202,2455858.6
303775,U3775,1.1152e+02,6.6891e-01,2.4487e-01,1.3685e+00,3.9101e+00,0.186,-0.231,49.277,2455857.8
305543,U5543,6.1979e+01,4.0586e-01,4.3895e-01,7.5438e-01,5.7892e+00,-0.092,-0.341,37.625,2455857.8
307251,U7251,4.6679e+01,2.0176e-01,1.7040e-01,1.0445e+00,2.1439e+00,-2.070,-0.008,40.685,2455093.5
307261,U7261,4.1737e+01,1.4527e-01,3.0882e-01,3.7713e+00,3.7455e+00,-1.569,0.257,47.218,2455093.6
307616,U7616,4.3766e+01,7.6255e-02,1.8080e-01,3.1011e-01,1.5221e+00,0.130,-0.033,43.954,2455474.0
308193,U8193,5.2786e+01,4.1700e-01,4.9817e-01,1.9673e+00,1.8524e+00,2.418,0.246,39.776,2455652.5
308634,U8634,4.3407e+01,1.0400e-01,1.3732e-01,5.5577e+00,1.7743e+00,2.432,0.001,42.031,2454805.0
315530,V5530,4.1779e+01,1.3913e-01,4.7831e-01,2.6007e-01,1.0084e+00,2.236,0.456,37.816,2455957.8